AddressLine,PostalCode,City,Canton,HomeLatitude,HomeLongitude,Vendor,Model,SerialNumber,Name,Firmware,PurchaseDate,LatestMaintenance,PortNumber,Timezone,Timestamp,Longitude,Latitude,DeviceState,BatteryLevel
Via ai Monti 8,6600,Locarno,Ticino,46.173900,8.799000,Husqvarna,Automower 315,HUSQ-315-9001,Lago Verde,3.2.1,2021-03-15,2024-06-25,5000,Europe/Zurich,2024-03-11 09:00:00,8.799000,46.173900,StationChargingCompleted,100
Via ai Monti 8,6600,Locarno,Ticino,46.173900,8.799000,Husqvarna,Automower 315,HUSQ-315-9001,Lago Verde,3.2.1,2021-03-15,2024-06-25,5000,Europe/Zurich,2024-03-11 09:05:00,8.799055,46.173915,Mowing,98
Via ai Monti 8,6600,Locarno,Ticino,46.173900,8.799000,Husqvarna,Automower 315,HUSQ-315-9001,Lago Verde,3.2.1,2021-03-15,2024-06-25,5000,Europe/Zurich,2024-03-11 09:12:00,8.798970,46.173925,Mowing,96
Via ai Monti 8,6600,Locarno,Ticino,46.173900,8.799000,Husqvarna,Automower 315,HUSQ-315-9001,Lago Verde,3.2.1,2021-03-15,2024-06-25,5000,Europe/Zurich,2024-03-11 09:20:00,8.799100,46.173890,Mowing,94
Via ai Monti 8,6600,Locarno,Ticino,46.173900,8.799000,Husqvarna,Automower 315,HUSQ-315-9001,Lago Verde,3.2.1,2021-03-15,2024-06-25,5000,Europe/Zurich,2024-03-11 09:34:00,8.799021,46.173870,Mowing,91
Via ai Monti 8,6600,Locarno,Ticino,46.173900,8.799000,Husqvarna,Automower 315,HUSQ-315-9001,Lago Verde,3.2.1,2021-03-15,2024-06-25,5000,Europe/Zurich,2024-03-11 09:48:00,8.799110,46.173950,Mowing,89
Via ai Monti 8,6600,Locarno,Ticino,46.173900,8.799000,Husqvarna,Automower 315,HUSQ-315-9001,Lago Verde,3.2.1,2021-03-15,2024-06-25,5000,Europe/Zurich,2024-03-11 09:52:00,8.798880,46.174020,Paused,89
Via ai Monti 8,6600,Locarno,Ticino,46.173900,8.799000,Husqvarna,Automower 315,HUSQ-315-9001,Lago Verde,3.2.1,2021-03-15,2024-06-25,5000,Europe/Zurich,2024-03-11 09:56:00,8.798880,46.174020,Paused,89
Via ai Monti 8,6600,Locarno,Ticino,46.173900,8.799000,Husqvarna,Automower 315,HUSQ-315-9001,Lago Verde,3.2.1,2021-03-15,2024-06-25,5000,Europe/Zurich,2024-03-11 10:02:00,8.798800,46.173980,Mowing,88
Via ai Monti 8,6600,Locarno,Ticino,46.173900,8.799000,Husqvarna,Automower 315,HUSQ-315-9001,Lago Verde,3.2.1,2021-03-15,2024-06-25,5000,Europe/Zurich,2024-03-11 10:12:00,8.799050,46.173895,Mowing,86
Via ai Monti 8,6600,Locarno,Ticino,46.173900,8.799000,Husqvarna,Automower 315,HUSQ-315-9001,Lago Verde,3.2.1,2021-03-15,2024-06-25,5000,Europe/Zurich,2024-03-11 10:18:00,8.799112,46.173920,Error,85
Via ai Monti 8,6600,Locarno,Ticino,46.173900,8.799000,Husqvarna,Automower 315,HUSQ-315-9001,Lago Verde,3.2.1,2021-03-15,2024-06-25,5000,Europe/Zurich,2024-03-11 10:22:00,8.799112,46.173920,Paused,85
Via ai Monti 8,6600,Locarno,Ticino,46.173900,8.799000,Husqvarna,Automower 315,HUSQ-315-9001,Lago Verde,3.2.1,2021-03-15,2024-06-25,5000,Europe/Zurich,2024-03-11 10:28:00,8.799050,46.173895,Mowing,84
Via ai Monti 8,6600,Locarno,Ticino,46.173900,8.799000,Husqvarna,Automower 315,HUSQ-315-9001,Lago Verde,3.2.1,2021-03-15,2024-06-25,5000,Europe/Zurich,2024-03-11 10:45:00,8.799031,46.173929,Mowing,81
Via ai Monti 8,6600,Locarno,Ticino,46.173900,8.799000,Husqvarna,Automower 315,HUSQ-315-9001,Lago Verde,3.2.1,2021-03-15,2024-06-25,5000,Europe/Zurich,2024-03-11 10:55:00,8.799102,46.173940,Mowing,78
Via ai Monti 8,6600,Locarno,Ticino,46.173900,8.799000,Husqvarna,Automower 315,HUSQ-315-9001,Lago Verde,3.2.1,2021-03-15,2024-06-25,5000,Europe/Zurich,2024-03-11 11:05:00,8.799050,46.173900,Mowing,74
Via ai Monti 8,6600,Locarno,Ticino,46.173900,8.799000,Husqvarna,Automower 315,HUSQ-315-9001,Lago Verde,3.2.1,2021-03-15,2024-06-25,5000,Europe/Zurich,2024-03-11 11:15:00,8.799000,46.173900,ReturningToStation,72
Via ai Monti 8,6600,Locarno,Ticino,46.173900,8.799000,Husqvarna,Automower 315,HUSQ-315-9001,Lago Verde,3.2.1,2021-03-15,2024-06-25,5000,Europe/Zurich,2024-03-11 11:30:00,8.799000,46.173900,StationCharging,72
Via ai Monti 8,6600,Locarno,Ticino,46.173900,8.799000,Husqvarna,Automower 315,HUSQ-315-9001,Lago Verde,3.2.1,2021-03-15,2024-06-25,5000,Europe/Zurich,2024-03-11 11:40:00,8.799000,46.173900,StationCharging,83
Via ai Monti 8,6600,Locarno,Ticino,46.173900,8.799000,Husqvarna,Automower 315,HUSQ-315-9001,Lago Verde,3.2.1,2021-03-15,2024-06-25,5000,Europe/Zurich,2024-03-11 11:55:00,8.799000,46.173900,StationChargingCompleted,100
Via ai Monti 8,6600,Locarno,Ticino,46.173900,8.799000,Husqvarna,Automower 315,HUSQ-315-9001,Lago Verde,3.2.1,2021-03-15,2024-06-25,5000,Europe/Zurich,2024-03-27 08:45:00,8.799000,46.173900,StationChargingCompleted,100
Via ai Monti 8,6600,Locarno,Ticino,46.173900,8.799000,Husqvarna,Automower 315,HUSQ-315-9001,Lago Verde,3.2.1,2021-03-15,2024-06-25,5000,Europe/Zurich,2024-03-27 08:52:00,8.799060,46.173940,Mowing,98
Via ai Monti 8,6600,Locarno,Ticino,46.173900,8.799000,Husqvarna,Automower 315,HUSQ-315-9001,Lago Verde,3.2.1,2021-03-15,2024-06-25,5000,Europe/Zurich,2024-03-27 09:00:00,8.798950,46.173980,Mowing,96
Via ai Monti 8,6600,Locarno,Ticino,46.173900,8.799000,Husqvarna,Automower 315,HUSQ-315-9001,Lago Verde,3.2.1,2021-03-15,2024-06-25,5000,Europe/Zurich,2024-03-27 09:12:00,8.798910,46.173950,Mowing,93
Via ai Monti 8,6600,Locarno,Ticino,46.173900,8.799000,Husqvarna,Automower 315,HUSQ-315-9001,Lago Verde,3.2.1,2021-03-15,2024-06-25,5000,Europe/Zurich,2024-03-27 09:22:00,8.799110,46.173900,Mowing,91
Via ai Monti 8,6600,Locarno,Ticino,46.173900,8.799000,Husqvarna,Automower 315,HUSQ-315-9001,Lago Verde,3.2.1,2021-03-15,2024-06-25,5000,Europe/Zurich,2024-03-27 09:30:00,8.799080,46.173920,Paused,91
Via ai Monti 8,6600,Locarno,Ticino,46.173900,8.799000,Husqvarna,Automower 315,HUSQ-315-9001,Lago Verde,3.2.1,2021-03-15,2024-06-25,5000,Europe/Zurich,2024-03-27 09:35:00,8.799080,46.173920,Mowing,90
Via ai Monti 8,6600,Locarno,Ticino,46.173900,8.799000,Husqvarna,Automower 315,HUSQ-315-9001,Lago Verde,3.2.1,2021-03-15,2024-06-25,5000,Europe/Zurich,2024-03-27 09:42:00,8.798900,46.173920,Error,89
Via ai Monti 8,6600,Locarno,Ticino,46.173900,8.799000,Husqvarna,Automower 315,HUSQ-315-9001,Lago Verde,3.2.1,2021-03-15,2024-06-25,5000,Europe/Zurich,2024-03-27 09:48:00,8.798900,46.173920,Paused,89
Via ai Monti 8,6600,Locarno,Ticino,46.173900,8.799000,Husqvarna,Automower 315,HUSQ-315-9001,Lago Verde,3.2.1,2021-03-15,2024-06-25,5000,Europe/Zurich,2024-03-27 09:56:00,8.799000,46.173970,Mowing,87
Via ai Monti 8,6600,Locarno,Ticino,46.173900,8.799000,Husqvarna,Automower 315,HUSQ-315-9001,Lago Verde,3.2.1,2021-03-15,2024-06-25,5000,Europe/Zurich,2024-03-27 10:06:00,8.799042,46.173980,Mowing,84
Via ai Monti 8,6600,Locarno,Ticino,46.173900,8.799000,Husqvarna,Automower 315,HUSQ-315-9001,Lago Verde,3.2.1,2021-03-15,2024-06-25,5000,Europe/Zurich,2024-03-27 10:14:00,8.799000,46.173900,ReturningToStation,82
Via ai Monti 8,6600,Locarno,Ticino,46.173900,8.799000,Husqvarna,Automower 315,HUSQ-315-9001,Lago Verde,3.2.1,2021-03-15,2024-06-25,5000,Europe/Zurich,2024-03-27 10:23:00,8.799000,46.173900,StationCharging,82
Via ai Monti 8,6600,Locarno,Ticino,46.173900,8.799000,Husqvarna,Automower 315,HUSQ-315-9001,Lago Verde,3.2.1,2021-03-15,2024-06-25,5000,Europe/Zurich,2024-03-27 10:44:00,8.799000,46.173900,StationChargingCompleted,100
Via ai Monti 8,6600,Locarno,Ticino,46.173900,8.799000,Husqvarna,Automower 315,HUSQ-315-9001,Lago Verde,3.2.1,2021-03-15,2024-06-25,5000,Europe/Zurich,2024-04-12 09:05:00,8.799000,46.173900,StationChargingCompleted,100
Via ai Monti 8,6600,Locarno,Ticino,46.173900,8.799000,Husqvarna,Automower 315,HUSQ-315-9001,Lago Verde,3.2.1,2021-03-15,2024-06-25,5000,Europe/Zurich,2024-04-12 09:11:00,8.799027,46.173911,Mowing,99
Via ai Monti 8,6600,Locarno,Ticino,46.173900,8.799000,Husqvarna,Automower 315,HUSQ-315-9001,Lago Verde,3.2.1,2021-03-15,2024-06-25,5000,Europe/Zurich,2024-04-12 09:17:00,8.799092,46.173908,Mowing,97
Via ai Monti 8,6600,Locarno,Ticino,46.173900,8.799000,Husqvarna,Automower 315,HUSQ-315-9001,Lago Verde,3.2.1,2021-03-15,2024-06-25,5000,Europe/Zurich,2024-04-12 09:25:00,8.799111,46.173944,Mowing,94
Via ai Monti 8,6600,Locarno,Ticino,46.173900,8.799000,Husqvarna,Automower 315,HUSQ-315-9001,Lago Verde,3.2.1,2021-03-15,2024-06-25,5000,Europe/Zurich,2024-04-12 09:37:00,8.799120,46.173990,Mowing,92
Via ai Monti 8,6600,Locarno,Ticino,46.173900,8.799000,Husqvarna,Automower 315,HUSQ-315-9001,Lago Verde,3.2.1,2021-03-15,2024-06-25,5000,Europe/Zurich,2024-04-12 09:51:00,8.799079,46.173980,Mowing,89
Via ai Monti 8,6600,Locarno,Ticino,46.173900,8.799000,Husqvarna,Automower 315,HUSQ-315-9001,Lago Verde,3.2.1,2021-03-15,2024-06-25,5000,Europe/Zurich,2024-04-12 09:54:00,8.799079,46.173980,Paused,89
Via ai Monti 8,6600,Locarno,Ticino,46.173900,8.799000,Husqvarna,Automower 315,HUSQ-315-9001,Lago Verde,3.2.1,2021-03-15,2024-06-25,5000,Europe/Zurich,2024-04-12 09:59:00,8.799079,46.173980,Mowing,88
Via ai Monti 8,6600,Locarno,Ticino,46.173900,8.799000,Husqvarna,Automower 315,HUSQ-315-9001,Lago Verde,3.2.1,2021-03-15,2024-06-25,5000,Europe/Zurich,2024-04-12 10:07:00,8.798911,46.173930,Mowing,85
Via ai Monti 8,6600,Locarno,Ticino,46.173900,8.799000,Husqvarna,Automower 315,HUSQ-315-9001,Lago Verde,3.2.1,2021-03-15,2024-06-25,5000,Europe/Zurich,2024-04-12 10:14:00,8.799110,46.173870,Error,83
Via ai Monti 8,6600,Locarno,Ticino,46.173900,8.799000,Husqvarna,Automower 315,HUSQ-315-9001,Lago Verde,3.2.1,2021-03-15,2024-06-25,5000,Europe/Zurich,2024-04-12 10:18:00,8.799110,46.173870,Paused,83
Via ai Monti 8,6600,Locarno,Ticino,46.173900,8.799000,Husqvarna,Automower 315,HUSQ-315-9001,Lago Verde,3.2.1,2021-03-15,2024-06-25,5000,Europe/Zurich,2024-04-12 10:22:00,8.798900,46.173900,Mowing,82
Via ai Monti 8,6600,Locarno,Ticino,46.173900,8.799000,Husqvarna,Automower 315,HUSQ-315-9001,Lago Verde,3.2.1,2021-03-15,2024-06-25,5000,Europe/Zurich,2024-04-12 10:35:00,8.799100,46.173985,Mowing,78
Via ai Monti 8,6600,Locarno,Ticino,46.173900,8.799000,Husqvarna,Automower 315,HUSQ-315-9001,Lago Verde,3.2.1,2021-03-15,2024-06-25,5000,Europe/Zurich,2024-04-12 10:47:00,8.799000,46.173900,ReturningToStation,75
Via ai Monti 8,6600,Locarno,Ticino,46.173900,8.799000,Husqvarna,Automower 315,HUSQ-315-9001,Lago Verde,3.2.1,2021-03-15,2024-06-25,5000,Europe/Zurich,2024-04-12 10:54:00,8.799000,46.173900,StationCharging,75
Via ai Monti 8,6600,Locarno,Ticino,46.173900,8.799000,Husqvarna,Automower 315,HUSQ-315-9001,Lago Verde,3.2.1,2021-03-15,2024-06-25,5000,Europe/Zurich,2024-04-12 11:06:00,8.799000,46.173900,StationChargingCompleted,100
Via ai Monti 8,6600,Locarno,Ticino,46.173900,8.799000,Husqvarna,Automower 315,HUSQ-315-9001,Lago Verde,3.2.1,2021-03-15,2024-06-25,5000,Europe/Zurich,2024-04-28 07:59:00,8.799000,46.173900,StationChargingCompleted,100
Via ai Monti 8,6600,Locarno,Ticino,46.173900,8.799000,Husqvarna,Automower 315,HUSQ-315-9001,Lago Verde,3.2.1,2021-03-15,2024-06-25,5000,Europe/Zurich,2024-04-28 08:05:00,8.799028,46.173913,Mowing,99
Via ai Monti 8,6600,Locarno,Ticino,46.173900,8.799000,Husqvarna,Automower 315,HUSQ-315-9001,Lago Verde,3.2.1,2021-03-15,2024-06-25,5000,Europe/Zurich,2024-04-28 08:14:00,8.799098,46.173917,Mowing,98
Via ai Monti 8,6600,Locarno,Ticino,46.173900,8.799000,Husqvarna,Automower 315,HUSQ-315-9001,Lago Verde,3.2.1,2021-03-15,2024-06-25,5000,Europe/Zurich,2024-04-28 08:24:00,8.799020,46.173875,Mowing,96
Via ai Monti 8,6600,Locarno,Ticino,46.173900,8.799000,Husqvarna,Automower 315,HUSQ-315-9001,Lago Verde,3.2.1,2021-03-15,2024-06-25,5000,Europe/Zurich,2024-04-28 08:32:00,8.799079,46.173980,Paused,96
Via ai Monti 8,6600,Locarno,Ticino,46.173900,8.799000,Husqvarna,Automower 315,HUSQ-315-9001,Lago Verde,3.2.1,2021-03-15,2024-06-25,5000,Europe/Zurich,2024-04-28 08:38:00,8.799079,46.173980,Mowing,95
Via ai Monti 8,6600,Locarno,Ticino,46.173900,8.799000,Husqvarna,Automower 315,HUSQ-315-9001,Lago Verde,3.2.1,2021-03-15,2024-06-25,5000,Europe/Zurich,2024-04-28 08:44:00,8.799111,46.173944,Mowing,93
Via ai Monti 8,6600,Locarno,Ticino,46.173900,8.799000,Husqvarna,Automower 315,HUSQ-315-9001,Lago Verde,3.2.1,2021-03-15,2024-06-25,5000,Europe/Zurich,2024-04-28 08:52:00,8.799111,46.173944,Error,93
Via ai Monti 8,6600,Locarno,Ticino,46.173900,8.799000,Husqvarna,Automower 315,HUSQ-315-9001,Lago Verde,3.2.1,2021-03-15,2024-06-25,5000,Europe/Zurich,2024-04-28 09:00:00,8.799111,46.173944,Paused,93
Via ai Monti 8,6600,Locarno,Ticino,46.173900,8.799000,Husqvarna,Automower 315,HUSQ-315-9001,Lago Verde,3.2.1,2021-03-15,2024-06-25,5000,Europe/Zurich,2024-04-28 09:15:00,8.798911,46.173930,Mowing,92
Via ai Monti 8,6600,Locarno,Ticino,46.173900,8.799000,Husqvarna,Automower 315,HUSQ-315-9001,Lago Verde,3.2.1,2021-03-15,2024-06-25,5000,Europe/Zurich,2024-04-28 09:26:00,8.799110,46.173870,Mowing,90
Via ai Monti 8,6600,Locarno,Ticino,46.173900,8.799000,Husqvarna,Automower 315,HUSQ-315-9001,Lago Verde,3.2.1,2021-03-15,2024-06-25,5000,Europe/Zurich,2024-04-28 09:39:00,8.799041,46.173984,Mowing,87
Via ai Monti 8,6600,Locarno,Ticino,46.173900,8.799000,Husqvarna,Automower 315,HUSQ-315-9001,Lago Verde,3.2.1,2021-03-15,2024-06-25,5000,Europe/Zurich,2024-04-28 09:48:00,8.799000,46.173900,ReturningToStation,85
Via ai Monti 8,6600,Locarno,Ticino,46.173900,8.799000,Husqvarna,Automower 315,HUSQ-315-9001,Lago Verde,3.2.1,2021-03-15,2024-06-25,5000,Europe/Zurich,2024-04-28 09:53:00,8.799000,46.173900,StationCharging,85
Via ai Monti 8,6600,Locarno,Ticino,46.173900,8.799000,Husqvarna,Automower 315,HUSQ-315-9001,Lago Verde,3.2.1,2021-03-15,2024-06-25,5000,Europe/Zurich,2024-04-28 10:14:00,8.799000,46.173900,StationChargingCompleted,100
Via ai Monti 8,6600,Locarno,Ticino,46.173900,8.799000,Husqvarna,Automower 315,HUSQ-315-9001,Lago Verde,3.2.1,2021-03-15,2024-06-25,5000,Europe/Zurich,2024-05-12 09:39:00,8.799000,46.173900,StationChargingCompleted,100
Via ai Monti 8,6600,Locarno,Ticino,46.173900,8.799000,Husqvarna,Automower 315,HUSQ-315-9001,Lago Verde,3.2.1,2021-03-15,2024-06-25,5000,Europe/Zurich,2024-05-12 09:45:00,8.799040,46.174020,Mowing,99
Via ai Monti 8,6600,Locarno,Ticino,46.173900,8.799000,Husqvarna,Automower 315,HUSQ-315-9001,Lago Verde,3.2.1,2021-03-15,2024-06-25,5000,Europe/Zurich,2024-05-12 09:49:00,8.798920,46.173950,Mowing,97
Via ai Monti 8,6600,Locarno,Ticino,46.173900,8.799000,Husqvarna,Automower 315,HUSQ-315-9001,Lago Verde,3.2.1,2021-03-15,2024-06-25,5000,Europe/Zurich,2024-05-12 09:55:00,8.799029,46.173922,Mowing,95
Via ai Monti 8,6600,Locarno,Ticino,46.173900,8.799000,Husqvarna,Automower 315,HUSQ-315-9001,Lago Verde,3.2.1,2021-03-15,2024-06-25,5000,Europe/Zurich,2024-05-12 10:02:00,8.799100,46.173900,Mowing,92
Via ai Monti 8,6600,Locarno,Ticino,46.173900,8.799000,Husqvarna,Automower 315,HUSQ-315-9001,Lago Verde,3.2.1,2021-03-15,2024-06-25,5000,Europe/Zurich,2024-05-12 10:17:00,8.798980,46.173990,Paused,90
Via ai Monti 8,6600,Locarno,Ticino,46.173900,8.799000,Husqvarna,Automower 315,HUSQ-315-9001,Lago Verde,3.2.1,2021-03-15,2024-06-25,5000,Europe/Zurich,2024-05-12 10:29:00,8.798980,46.173990,Mowing,89
Via ai Monti 8,6600,Locarno,Ticino,46.173900,8.799000,Husqvarna,Automower 315,HUSQ-315-9001,Lago Verde,3.2.1,2021-03-15,2024-06-25,5000,Europe/Zurich,2024-05-12 10:41:00,8.798900,46.174000,Mowing,87
Via ai Monti 8,6600,Locarno,Ticino,46.173900,8.799000,Husqvarna,Automower 315,HUSQ-315-9001,Lago Verde,3.2.1,2021-03-15,2024-06-25,5000,Europe/Zurich,2024-05-12 10:55:00,8.799070,46.173940,Error,86
Via ai Monti 8,6600,Locarno,Ticino,46.173900,8.799000,Husqvarna,Automower 315,HUSQ-315-9001,Lago Verde,3.2.1,2021-03-15,2024-06-25,5000,Europe/Zurich,2024-05-12 10:59:00,8.799070,46.173940,Paused,86
Via ai Monti 8,6600,Locarno,Ticino,46.173900,8.799000,Husqvarna,Automower 315,HUSQ-315-9001,Lago Verde,3.2.1,2021-03-15,2024-06-25,5000,Europe/Zurich,2024-05-12 11:13:00,8.799070,46.173940,ReturningToStation,85
Via ai Monti 8,6600,Locarno,Ticino,46.173900,8.799000,Husqvarna,Automower 315,HUSQ-315-9001,Lago Verde,3.2.1,2021-03-15,2024-06-25,5000,Europe/Zurich,2024-05-12 11:29:00,8.799000,46.173900,StationCharging,85
Via ai Monti 8,6600,Locarno,Ticino,46.173900,8.799000,Husqvarna,Automower 315,HUSQ-315-9001,Lago Verde,3.2.1,2021-03-15,2024-06-25,5000,Europe/Zurich,2024-05-12 11:59:00,8.799000,46.173900,StationChargingCompleted,100
Via ai Monti 8,6600,Locarno,Ticino,46.173900,8.799000,Husqvarna,Automower 315,HUSQ-315-9001,Lago Verde,3.2.1,2021-03-15,2024-06-25,5000,Europe/Zurich,2024-05-27 10:00:00,8.799000,46.173900,StationChargingCompleted,100
Via ai Monti 8,6600,Locarno,Ticino,46.173900,8.799000,Husqvarna,Automower 315,HUSQ-315-9001,Lago Verde,3.2.1,2021-03-15,2024-06-25,5000,Europe/Zurich,2024-05-27 10:06:00,8.799041,46.173984,Mowing,97
Via ai Monti 8,6600,Locarno,Ticino,46.173900,8.799000,Husqvarna,Automower 315,HUSQ-315-9001,Lago Verde,3.2.1,2021-03-15,2024-06-25,5000,Europe/Zurich,2024-05-27 10:13:00,8.799059,46.173943,Mowing,95
Via ai Monti 8,6600,Locarno,Ticino,46.173900,8.799000,Husqvarna,Automower 315,HUSQ-315-9001,Lago Verde,3.2.1,2021-03-15,2024-06-25,5000,Europe/Zurich,2024-05-27 10:21:00,8.798981,46.173900,Mowing,92
Via ai Monti 8,6600,Locarno,Ticino,46.173900,8.799000,Husqvarna,Automower 315,HUSQ-315-9001,Lago Verde,3.2.1,2021-03-15,2024-06-25,5000,Europe/Zurich,2024-05-27 10:32:00,8.799123,46.173975,Mowing,90
Via ai Monti 8,6600,Locarno,Ticino,46.173900,8.799000,Husqvarna,Automower 315,HUSQ-315-9001,Lago Verde,3.2.1,2021-03-15,2024-06-25,5000,Europe/Zurich,2024-05-27 10:41:00,8.799123,46.173975,Paused,90
Via ai Monti 8,6600,Locarno,Ticino,46.173900,8.799000,Husqvarna,Automower 315,HUSQ-315-9001,Lago Verde,3.2.1,2021-03-15,2024-06-25,5000,Europe/Zurich,2024-05-27 10:49:00,8.799123,46.173975,Mowing,89
Via ai Monti 8,6600,Locarno,Ticino,46.173900,8.799000,Husqvarna,Automower 315,HUSQ-315-9001,Lago Verde,3.2.1,2021-03-15,2024-06-25,5000,Europe/Zurich,2024-05-27 10:58:00,8.799123,46.173975,Error,88
Via ai Monti 8,6600,Locarno,Ticino,46.173900,8.799000,Husqvarna,Automower 315,HUSQ-315-9001,Lago Verde,3.2.1,2021-03-15,2024-06-25,5000,Europe/Zurich,2024-05-27 11:02:00,8.799123,46.173975,Paused,88
Via ai Monti 8,6600,Locarno,Ticino,46.173900,8.799000,Husqvarna,Automower 315,HUSQ-315-9001,Lago Verde,3.2.1,2021-03-15,2024-06-25,5000,Europe/Zurich,2024-05-27 11:10:00,8.798921,46.173900,Mowing,87
Via ai Monti 8,6600,Locarno,Ticino,46.173900,8.799000,Husqvarna,Automower 315,HUSQ-315-9001,Lago Verde,3.2.1,2021-03-15,2024-06-25,5000,Europe/Zurich,2024-05-27 11:15:00,8.799000,46.173900,ReturningToStation,85
Via ai Monti 8,6600,Locarno,Ticino,46.173900,8.799000,Husqvarna,Automower 315,HUSQ-315-9001,Lago Verde,3.2.1,2021-03-15,2024-06-25,5000,Europe/Zurich,2024-05-27 11:30:00,8.799000,46.173900,StationCharging,85
Via ai Monti 8,6600,Locarno,Ticino,46.173900,8.799000,Husqvarna,Automower 315,HUSQ-315-9001,Lago Verde,3.2.1,2021-03-15,2024-06-25,5000,Europe/Zurich,2024-05-27 11:55:00,8.799000,46.173900,StationChargingCompleted,100
Via ai Monti 8,6600,Locarno,Ticino,46.173900,8.799000,Husqvarna,Automower 315,HUSQ-315-9001,Lago Verde,3.2.1,2021-03-15,2024-06-25,5000,Europe/Zurich,2024-06-08 09:00:00,8.799000,46.173900,StationChargingCompleted,100
Via ai Monti 8,6600,Locarno,Ticino,46.173900,8.799000,Husqvarna,Automower 315,HUSQ-315-9001,Lago Verde,3.2.1,2021-03-15,2024-06-25,5000,Europe/Zurich,2024-06-08 09:08:00,8.799050,46.173910,Mowing,97
Via ai Monti 8,6600,Locarno,Ticino,46.173900,8.799000,Husqvarna,Automower 315,HUSQ-315-9001,Lago Verde,3.2.1,2021-03-15,2024-06-25,5000,Europe/Zurich,2024-06-08 09:21:00,8.799031,46.173920,Mowing,94
Via ai Monti 8,6600,Locarno,Ticino,46.173900,8.799000,Husqvarna,Automower 315,HUSQ-315-9001,Lago Verde,3.2.1,2021-03-15,2024-06-25,5000,Europe/Zurich,2024-06-08 09:32:00,8.798990,46.173930,Mowing,91
Via ai Monti 8,6600,Locarno,Ticino,46.173900,8.799000,Husqvarna,Automower 315,HUSQ-315-9001,Lago Verde,3.2.1,2021-03-15,2024-06-25,5000,Europe/Zurich,2024-06-08 09:45:00,8.799120,46.173950,Paused,89
Via ai Monti 8,6600,Locarno,Ticino,46.173900,8.799000,Husqvarna,Automower 315,HUSQ-315-9001,Lago Verde,3.2.1,2021-03-15,2024-06-25,5000,Europe/Zurich,2024-06-08 09:59:00,8.799120,46.173950,Mowing,88
Via ai Monti 8,6600,Locarno,Ticino,46.173900,8.799000,Husqvarna,Automower 315,HUSQ-315-9001,Lago Verde,3.2.1,2021-03-15,2024-06-25,5000,Europe/Zurich,2024-06-08 10:07:00,8.798980,46.173990,Mowing,86
Via ai Monti 8,6600,Locarno,Ticino,46.173900,8.799000,Husqvarna,Automower 315,HUSQ-315-9001,Lago Verde,3.2.1,2021-03-15,2024-06-25,5000,Europe/Zurich,2024-06-08 10:22:00,8.799100,46.173990,Mowing,83
Via ai Monti 8,6600,Locarno,Ticino,46.173900,8.799000,Husqvarna,Automower 315,HUSQ-315-9001,Lago Verde,3.2.1,2021-03-15,2024-06-25,5000,Europe/Zurich,2024-06-08 10:34:00,8.799100,46.173990,Error,82
Via ai Monti 8,6600,Locarno,Ticino,46.173900,8.799000,Husqvarna,Automower 315,HUSQ-315-9001,Lago Verde,3.2.1,2021-03-15,2024-06-25,5000,Europe/Zurich,2024-06-08 10:39:00,8.799100,46.173990,Paused,82
Via ai Monti 8,6600,Locarno,Ticino,46.173900,8.799000,Husqvarna,Automower 315,HUSQ-315-9001,Lago Verde,3.2.1,2021-03-15,2024-06-25,5000,Europe/Zurich,2024-06-08 10:53:00,8.799100,46.173990,ReturningToStation,81
Via ai Monti 8,6600,Locarno,Ticino,46.173900,8.799000,Husqvarna,Automower 315,HUSQ-315-9001,Lago Verde,3.2.1,2021-03-15,2024-06-25,5000,Europe/Zurich,2024-06-08 11:14:00,8.799000,46.173900,StationCharging,81
Via ai Monti 8,6600,Locarno,Ticino,46.173900,8.799000,Husqvarna,Automower 315,HUSQ-315-9001,Lago Verde,3.2.1,2021-03-15,2024-06-25,5000,Europe/Zurich,2024-06-08 11:30:00,8.799000,46.173900,StationChargingCompleted,100
Chemin du Pré Fleuri 12,1208,Genève,Geneva,46.193800,6.170200,Bosch,Indego S+ 400,BOS-I400-1938,PelousePro,1.8.4,15 Mar 2021,05 Jun 2024,5001,UTC,2024-03-17 08:00:00,6.170200,46.193800,StationChargingCompleted,100
Chemin du Pré Fleuri 12,1208,Genève,Geneva,46.193800,6.170200,Bosch,Indego S+ 400,BOS-I400-1938,PelousePro,1.8.4,15 Mar 2021,05 Jun 2024,5001,UTC,2024-03-17 08:06:00,6.170253,46.193833,Mowing,99
Chemin du Pré Fleuri 12,1208,Genève,Geneva,46.193800,6.170200,Bosch,Indego S+ 400,BOS-I400-1938,PelousePro,1.8.4,15 Mar 2021,05 Jun 2024,5001,UTC,2024-03-17 08:12:00,6.170152,46.193850,Mowing,97
Chemin du Pré Fleuri 12,1208,Genève,Geneva,46.193800,6.170200,Bosch,Indego S+ 400,BOS-I400-1938,PelousePro,1.8.4,15 Mar 2021,05 Jun 2024,5001,UTC,2024-03-17 08:19:00,6.170219,46.193777,Mowing,95
Chemin du Pré Fleuri 12,1208,Genève,Geneva,46.193800,6.170200,Bosch,Indego S+ 400,BOS-I400-1938,PelousePro,1.8.4,15 Mar 2021,05 Jun 2024,5001,UTC,2024-03-17 08:30:00,6.170300,46.193888,Mowing,93
Chemin du Pré Fleuri 12,1208,Genève,Geneva,46.193800,6.170200,Bosch,Indego S+ 400,BOS-I400-1938,PelousePro,1.8.4,15 Mar 2021,05 Jun 2024,5001,UTC,2024-03-17 08:44:00,6.170149,46.193914,Mowing,90
Chemin du Pré Fleuri 12,1208,Genève,Geneva,46.193800,6.170200,Bosch,Indego S+ 400,BOS-I400-1938,PelousePro,1.8.4,15 Mar 2021,05 Jun 2024,5001,UTC,2024-03-17 08:55:00,6.170172,46.193890,Paused,90
Chemin du Pré Fleuri 12,1208,Genève,Geneva,46.193800,6.170200,Bosch,Indego S+ 400,BOS-I400-1938,PelousePro,1.8.4,15 Mar 2021,05 Jun 2024,5001,UTC,2024-03-17 09:02:00,6.170172,46.193890,Mowing,89
Chemin du Pré Fleuri 12,1208,Genève,Geneva,46.193800,6.170200,Bosch,Indego S+ 400,BOS-I400-1938,PelousePro,1.8.4,15 Mar 2021,05 Jun 2024,5001,UTC,2024-03-17 09:11:00,6.170220,46.193845,Mowing,87
Chemin du Pré Fleuri 12,1208,Genève,Geneva,46.193800,6.170200,Bosch,Indego S+ 400,BOS-I400-1938,PelousePro,1.8.4,15 Mar 2021,05 Jun 2024,5001,UTC,2024-03-17 09:18:00,6.170119,46.193821,Error,86
Chemin du Pré Fleuri 12,1208,Genève,Geneva,46.193800,6.170200,Bosch,Indego S+ 400,BOS-I400-1938,PelousePro,1.8.4,15 Mar 2021,05 Jun 2024,5001,UTC,2024-03-17 09:24:00,6.170119,46.193821,Paused,86
Chemin du Pré Fleuri 12,1208,Genève,Geneva,46.193800,6.170200,Bosch,Indego S+ 400,BOS-I400-1938,PelousePro,1.8.4,15 Mar 2021,05 Jun 2024,5001,UTC,2024-03-17 09:29:00,6.170202,46.193908,Mowing,84
Chemin du Pré Fleuri 12,1208,Genève,Geneva,46.193800,6.170200,Bosch,Indego S+ 400,BOS-I400-1938,PelousePro,1.8.4,15 Mar 2021,05 Jun 2024,5001,UTC,2024-03-17 09:46:00,6.170250,46.193822,Mowing,80
Chemin du Pré Fleuri 12,1208,Genève,Geneva,46.193800,6.170200,Bosch,Indego S+ 400,BOS-I400-1938,PelousePro,1.8.4,15 Mar 2021,05 Jun 2024,5001,UTC,2024-03-17 10:00:00,6.170212,46.193765,Mowing,77
Chemin du Pré Fleuri 12,1208,Genève,Geneva,46.193800,6.170200,Bosch,Indego S+ 400,BOS-I400-1938,PelousePro,1.8.4,15 Mar 2021,05 Jun 2024,5001,UTC,2024-03-17 10:15:00,6.170200,46.193800,ReturningToStation,74
Chemin du Pré Fleuri 12,1208,Genève,Geneva,46.193800,6.170200,Bosch,Indego S+ 400,BOS-I400-1938,PelousePro,1.8.4,15 Mar 2021,05 Jun 2024,5001,UTC,2024-03-17 10:32:00,6.170200,46.193800,StationCharging,74
Chemin du Pré Fleuri 12,1208,Genève,Geneva,46.193800,6.170200,Bosch,Indego S+ 400,BOS-I400-1938,PelousePro,1.8.4,15 Mar 2021,05 Jun 2024,5001,UTC,2024-03-17 10:40:00,6.170200,46.193800,StationCharging,85
Chemin du Pré Fleuri 12,1208,Genève,Geneva,46.193800,6.170200,Bosch,Indego S+ 400,BOS-I400-1938,PelousePro,1.8.4,15 Mar 2021,05 Jun 2024,5001,UTC,2024-03-17 10:54:00,6.170200,46.193800,StationChargingCompleted,100
Chemin du Pré Fleuri 12,1208,Genève,Geneva,46.193800,6.170200,Bosch,Indego S+ 400,BOS-I400-1938,PelousePro,1.8.4,15 Mar 2021,05 Jun 2024,5001,UTC,2024-03-30 08:25:00,6.170200,46.193800,StationChargingCompleted,100
Chemin du Pré Fleuri 12,1208,Genève,Geneva,46.193800,6.170200,Bosch,Indego S+ 400,BOS-I400-1938,PelousePro,1.8.4,15 Mar 2021,05 Jun 2024,5001,UTC,2024-03-30 08:33:00,6.170253,46.193833,Mowing,99
Chemin du Pré Fleuri 12,1208,Genève,Geneva,46.193800,6.170200,Bosch,Indego S+ 400,BOS-I400-1938,PelousePro,1.8.4,15 Mar 2021,05 Jun 2024,5001,UTC,2024-03-30 08:40:00,6.170158,46.193823,Mowing,97
Chemin du Pré Fleuri 12,1208,Genève,Geneva,46.193800,6.170200,Bosch,Indego S+ 400,BOS-I400-1938,PelousePro,1.8.4,15 Mar 2021,05 Jun 2024,5001,UTC,2024-03-30 08:53:00,6.170203,46.193849,Mowing,95
Chemin du Pré Fleuri 12,1208,Genève,Geneva,46.193800,6.170200,Bosch,Indego S+ 400,BOS-I400-1938,PelousePro,1.8.4,15 Mar 2021,05 Jun 2024,5001,UTC,2024-03-30 09:08:00,6.170300,46.193888,Mowing,92
Chemin du Pré Fleuri 12,1208,Genève,Geneva,46.193800,6.170200,Bosch,Indego S+ 400,BOS-I400-1938,PelousePro,1.8.4,15 Mar 2021,05 Jun 2024,5001,UTC,2024-03-30 09:21:00,6.170284,46.193820,Mowing,90
Chemin du Pré Fleuri 12,1208,Genève,Geneva,46.193800,6.170200,Bosch,Indego S+ 400,BOS-I400-1938,PelousePro,1.8.4,15 Mar 2021,05 Jun 2024,5001,UTC,2024-03-30 09:33:00,6.170243,46.193821,Paused,90
Chemin du Pré Fleuri 12,1208,Genève,Geneva,46.193800,6.170200,Bosch,Indego S+ 400,BOS-I400-1938,PelousePro,1.8.4,15 Mar 2021,05 Jun 2024,5001,UTC,2024-03-30 09:44:00,6.170243,46.193821,Mowing,89
Chemin du Pré Fleuri 12,1208,Genève,Geneva,46.193800,6.170200,Bosch,Indego S+ 400,BOS-I400-1938,PelousePro,1.8.4,15 Mar 2021,05 Jun 2024,5001,UTC,2024-03-30 09:53:00,6.170123,46.193831,Mowing,87
Chemin du Pré Fleuri 12,1208,Genève,Geneva,46.193800,6.170200,Bosch,Indego S+ 400,BOS-I400-1938,PelousePro,1.8.4,15 Mar 2021,05 Jun 2024,5001,UTC,2024-03-30 09:59:00,6.170234,46.193799,Error,86
Chemin du Pré Fleuri 12,1208,Genève,Geneva,46.193800,6.170200,Bosch,Indego S+ 400,BOS-I400-1938,PelousePro,1.8.4,15 Mar 2021,05 Jun 2024,5001,UTC,2024-03-30 10:13:00,6.170234,46.193799,Paused,86
Chemin du Pré Fleuri 12,1208,Genève,Geneva,46.193800,6.170200,Bosch,Indego S+ 400,BOS-I400-1938,PelousePro,1.8.4,15 Mar 2021,05 Jun 2024,5001,UTC,2024-03-30 10:21:00,6.170271,46.193875,Mowing,85
Chemin du Pré Fleuri 12,1208,Genève,Geneva,46.193800,6.170200,Bosch,Indego S+ 400,BOS-I400-1938,PelousePro,1.8.4,15 Mar 2021,05 Jun 2024,5001,UTC,2024-03-30 10:36:00,6.170170,46.193875,Mowing,81
Chemin du Pré Fleuri 12,1208,Genève,Geneva,46.193800,6.170200,Bosch,Indego S+ 400,BOS-I400-1938,PelousePro,1.8.4,15 Mar 2021,05 Jun 2024,5001,UTC,2024-03-30 10:49:00,6.170229,46.193866,Mowing,78
Chemin du Pré Fleuri 12,1208,Genève,Geneva,46.193800,6.170200,Bosch,Indego S+ 400,BOS-I400-1938,PelousePro,1.8.4,15 Mar 2021,05 Jun 2024,5001,UTC,2024-03-30 10:54:00,6.170200,46.193800,ReturningToStation,75
Chemin du Pré Fleuri 12,1208,Genève,Geneva,46.193800,6.170200,Bosch,Indego S+ 400,BOS-I400-1938,PelousePro,1.8.4,15 Mar 2021,05 Jun 2024,5001,UTC,2024-03-30 11:06:00,6.170200,46.193800,StationCharging,75
Chemin du Pré Fleuri 12,1208,Genève,Geneva,46.193800,6.170200,Bosch,Indego S+ 400,BOS-I400-1938,PelousePro,1.8.4,15 Mar 2021,05 Jun 2024,5001,UTC,2024-03-30 11:23:00,6.170200,46.193800,StationChargingCompleted,100
Chemin du Pré Fleuri 12,1208,Genève,Geneva,46.193800,6.170200,Bosch,Indego S+ 400,BOS-I400-1938,PelousePro,1.8.4,15 Mar 2021,05 Jun 2024,5001,UTC,2024-04-13 09:15:00,6.170200,46.193800,StationChargingCompleted,100
Chemin du Pré Fleuri 12,1208,Genève,Geneva,46.193800,6.170200,Bosch,Indego S+ 400,BOS-I400-1938,PelousePro,1.8.4,15 Mar 2021,05 Jun 2024,5001,UTC,2024-04-13 09:23:00,6.170120,46.193850,Mowing,98
Chemin du Pré Fleuri 12,1208,Genève,Geneva,46.193800,6.170200,Bosch,Indego S+ 400,BOS-I400-1938,PelousePro,1.8.4,15 Mar 2021,05 Jun 2024,5001,UTC,2024-04-13 09:33:00,6.170247,46.193855,Mowing,96
Chemin du Pré Fleuri 12,1208,Genève,Geneva,46.193800,6.170200,Bosch,Indego S+ 400,BOS-I400-1938,PelousePro,1.8.4,15 Mar 2021,05 Jun 2024,5001,UTC,2024-04-13 09:41:00,6.170232,46.193822,Mowing,93
Chemin du Pré Fleuri 12,1208,Genève,Geneva,46.193800,6.170200,Bosch,Indego S+ 400,BOS-I400-1938,PelousePro,1.8.4,15 Mar 2021,05 Jun 2024,5001,UTC,2024-04-13 09:56:00,6.170202,46.193855,Mowing,91
Chemin du Pré Fleuri 12,1208,Genève,Geneva,46.193800,6.170200,Bosch,Indego S+ 400,BOS-I400-1938,PelousePro,1.8.4,15 Mar 2021,05 Jun 2024,5001,UTC,2024-04-13 10:03:00,6.170271,46.193869,Mowing,90
Chemin du Pré Fleuri 12,1208,Genève,Geneva,46.193800,6.170200,Bosch,Indego S+ 400,BOS-I400-1938,PelousePro,1.8.4,15 Mar 2021,05 Jun 2024,5001,UTC,2024-04-13 10:13:00,6.170304,46.193797,Paused,90
Chemin du Pré Fleuri 12,1208,Genève,Geneva,46.193800,6.170200,Bosch,Indego S+ 400,BOS-I400-1938,PelousePro,1.8.4,15 Mar 2021,05 Jun 2024,5001,UTC,2024-04-13 10:18:00,6.170304,46.193797,Mowing,89
Chemin du Pré Fleuri 12,1208,Genève,Geneva,46.193800,6.170200,Bosch,Indego S+ 400,BOS-I400-1938,PelousePro,1.8.4,15 Mar 2021,05 Jun 2024,5001,UTC,2024-04-13 10:24:00,6.170120,46.193830,Mowing,88
Chemin du Pré Fleuri 12,1208,Genève,Geneva,46.193800,6.170200,Bosch,Indego S+ 400,BOS-I400-1938,PelousePro,1.8.4,15 Mar 2021,05 Jun 2024,5001,UTC,2024-04-13 10:33:00,6.170256,46.193841,Mowing,86
Chemin du Pré Fleuri 12,1208,Genève,Geneva,46.193800,6.170200,Bosch,Indego S+ 400,BOS-I400-1938,PelousePro,1.8.4,15 Mar 2021,05 Jun 2024,5001,UTC,2024-04-13 10:39:00,6.170110,46.193799,Error,85
Chemin du Pré Fleuri 12,1208,Genève,Geneva,46.193800,6.170200,Bosch,Indego S+ 400,BOS-I400-1938,PelousePro,1.8.4,15 Mar 2021,05 Jun 2024,5001,UTC,2024-04-13 10:42:00,6.170110,46.193799,Paused,85
Chemin du Pré Fleuri 12,1208,Genève,Geneva,46.193800,6.170200,Bosch,Indego S+ 400,BOS-I400-1938,PelousePro,1.8.4,15 Mar 2021,05 Jun 2024,5001,UTC,2024-04-13 10:46:00,6.170183,46.193872,Mowing,84
Chemin du Pré Fleuri 12,1208,Genève,Geneva,46.193800,6.170200,Bosch,Indego S+ 400,BOS-I400-1938,PelousePro,1.8.4,15 Mar 2021,05 Jun 2024,5001,UTC,2024-04-13 10:59:00,6.170119,46.193850,Mowing,80
Chemin du Pré Fleuri 12,1208,Genève,Geneva,46.193800,6.170200,Bosch,Indego S+ 400,BOS-I400-1938,PelousePro,1.8.4,15 Mar 2021,05 Jun 2024,5001,UTC,2024-04-13 11:11:00,6.170203,46.193879,Mowing,77
Chemin du Pré Fleuri 12,1208,Genève,Geneva,46.193800,6.170200,Bosch,Indego S+ 400,BOS-I400-1938,PelousePro,1.8.4,15 Mar 2021,05 Jun 2024,5001,UTC,2024-04-13 11:20:00,6.170200,46.193800,ReturningToStation,74
Chemin du Pré Fleuri 12,1208,Genève,Geneva,46.193800,6.170200,Bosch,Indego S+ 400,BOS-I400-1938,PelousePro,1.8.4,15 Mar 2021,05 Jun 2024,5001,UTC,2024-04-13 11:35:00,6.170200,46.193800,StationCharging,74
Chemin du Pré Fleuri 12,1208,Genève,Geneva,46.193800,6.170200,Bosch,Indego S+ 400,BOS-I400-1938,PelousePro,1.8.4,15 Mar 2021,05 Jun 2024,5001,UTC,2024-04-13 11:56:00,6.170200,46.193800,StationChargingCompleted,100
Chemin du Pré Fleuri 12,1208,Genève,Geneva,46.193800,6.170200,Bosch,Indego S+ 400,BOS-I400-1938,PelousePro,1.8.4,15 Mar 2021,05 Jun 2024,5001,UTC,2024-04-28 08:30:00,6.170200,46.193800,StationChargingCompleted,100
Chemin du Pré Fleuri 12,1208,Genève,Geneva,46.193800,6.170200,Bosch,Indego S+ 400,BOS-I400-1938,PelousePro,1.8.4,15 Mar 2021,05 Jun 2024,5001,UTC,2024-04-28 08:36:00,6.170220,46.193808,Mowing,98
Chemin du Pré Fleuri 12,1208,Genève,Geneva,46.193800,6.170200,Bosch,Indego S+ 400,BOS-I400-1938,PelousePro,1.8.4,15 Mar 2021,05 Jun 2024,5001,UTC,2024-04-28 08:42:00,6.170203,46.193849,Mowing,97
Chemin du Pré Fleuri 12,1208,Genève,Geneva,46.193800,6.170200,Bosch,Indego S+ 400,BOS-I400-1938,PelousePro,1.8.4,15 Mar 2021,05 Jun 2024,5001,UTC,2024-04-28 08:55:00,6.170277,46.193857,Mowing,95
Chemin du Pré Fleuri 12,1208,Genève,Geneva,46.193800,6.170200,Bosch,Indego S+ 400,BOS-I400-1938,PelousePro,1.8.4,15 Mar 2021,05 Jun 2024,5001,UTC,2024-04-28 09:12:00,6.170300,46.193845,Mowing,93
Chemin du Pré Fleuri 12,1208,Genève,Geneva,46.193800,6.170200,Bosch,Indego S+ 400,BOS-I400-1938,PelousePro,1.8.4,15 Mar 2021,05 Jun 2024,5001,UTC,2024-04-28 09:21:00,6.170230,46.193867,Paused,93
Chemin du Pré Fleuri 12,1208,Genève,Geneva,46.193800,6.170200,Bosch,Indego S+ 400,BOS-I400-1938,PelousePro,1.8.4,15 Mar 2021,05 Jun 2024,5001,UTC,2024-04-28 09:29:00,6.170230,46.193867,Mowing,92
Chemin du Pré Fleuri 12,1208,Genève,Geneva,46.193800,6.170200,Bosch,Indego S+ 400,BOS-I400-1938,PelousePro,1.8.4,15 Mar 2021,05 Jun 2024,5001,UTC,2024-04-28 09:36:00,6.170181,46.193846,Mowing,90
Chemin du Pré Fleuri 12,1208,Genève,Geneva,46.193800,6.170200,Bosch,Indego S+ 400,BOS-I400-1938,PelousePro,1.8.4,15 Mar 2021,05 Jun 2024,5001,UTC,2024-04-28 09:52:00,6.170119,46.193821,Mowing,88
Chemin du Pré Fleuri 12,1208,Genève,Geneva,46.193800,6.170200,Bosch,Indego S+ 400,BOS-I400-1938,PelousePro,1.8.4,15 Mar 2021,05 Jun 2024,5001,UTC,2024-04-28 09:59:00,6.170168,46.193804,Error,87
Chemin du Pré Fleuri 12,1208,Genève,Geneva,46.193800,6.170200,Bosch,Indego S+ 400,BOS-I400-1938,PelousePro,1.8.4,15 Mar 2021,05 Jun 2024,5001,UTC,2024-04-28 10:07:00,6.170168,46.193804,Paused,87
Chemin du Pré Fleuri 12,1208,Genève,Geneva,46.193800,6.170200,Bosch,Indego S+ 400,BOS-I400-1938,PelousePro,1.8.4,15 Mar 2021,05 Jun 2024,5001,UTC,2024-04-28 10:16:00,6.170220,46.193833,Mowing,85
Chemin du Pré Fleuri 12,1208,Genève,Geneva,46.193800,6.170200,Bosch,Indego S+ 400,BOS-I400-1938,PelousePro,1.8.4,15 Mar 2021,05 Jun 2024,5001,UTC,2024-04-28 10:31:00,6.170234,46.193799,Mowing,82
Chemin du Pré Fleuri 12,1208,Genève,Geneva,46.193800,6.170200,Bosch,Indego S+ 400,BOS-I400-1938,PelousePro,1.8.4,15 Mar 2021,05 Jun 2024,5001,UTC,2024-04-28 10:40:00,6.170119,46.193850,Mowing,80
Chemin du Pré Fleuri 12,1208,Genève,Geneva,46.193800,6.170200,Bosch,Indego S+ 400,BOS-I400-1938,PelousePro,1.8.4,15 Mar 2021,05 Jun 2024,5001,UTC,2024-04-28 10:56:00,6.170200,46.193800,ReturningToStation,77
Chemin du Pré Fleuri 12,1208,Genève,Geneva,46.193800,6.170200,Bosch,Indego S+ 400,BOS-I400-1938,PelousePro,1.8.4,15 Mar 2021,05 Jun 2024,5001,UTC,2024-04-28 11:14:00,6.170200,46.193800,StationCharging,77
Chemin du Pré Fleuri 12,1208,Genève,Geneva,46.193800,6.170200,Bosch,Indego S+ 400,BOS-I400-1938,PelousePro,1.8.4,15 Mar 2021,05 Jun 2024,5001,UTC,2024-04-28 11:38:00,6.170200,46.193800,StationChargingCompleted,100
Chemin du Pré Fleuri 12,1208,Genève,Geneva,46.193800,6.170200,Bosch,Indego S+ 400,BOS-I400-1938,PelousePro,1.8.4,15 Mar 2021,05 Jun 2024,5001,UTC,2024-05-13 09:12:00,6.170200,46.193800,StationChargingCompleted,100
Chemin du Pré Fleuri 12,1208,Genève,Geneva,46.193800,6.170200,Bosch,Indego S+ 400,BOS-I400-1938,PelousePro,1.8.4,15 Mar 2021,05 Jun 2024,5001,UTC,2024-05-13 09:18:00,6.170241,46.193891,Mowing,98
Chemin du Pré Fleuri 12,1208,Genève,Geneva,46.193800,6.170200,Bosch,Indego S+ 400,BOS-I400-1938,PelousePro,1.8.4,15 Mar 2021,05 Jun 2024,5001,UTC,2024-05-13 09:25:00,6.170154,46.193871,Mowing,96
Chemin du Pré Fleuri 12,1208,Genève,Geneva,46.193800,6.170200,Bosch,Indego S+ 400,BOS-I400-1938,PelousePro,1.8.4,15 Mar 2021,05 Jun 2024,5001,UTC,2024-05-13 09:38:00,6.170189,46.193833,Mowing,93
Chemin du Pré Fleuri 12,1208,Genève,Geneva,46.193800,6.170200,Bosch,Indego S+ 400,BOS-I400-1938,PelousePro,1.8.4,15 Mar 2021,05 Jun 2024,5001,UTC,2024-05-13 09:44:00,6.170203,46.193849,Mowing,91
Chemin du Pré Fleuri 12,1208,Genève,Geneva,46.193800,6.170200,Bosch,Indego S+ 400,BOS-I400-1938,PelousePro,1.8.4,15 Mar 2021,05 Jun 2024,5001,UTC,2024-05-13 09:53:00,6.170183,46.193872,Paused,91
Chemin du Pré Fleuri 12,1208,Genève,Geneva,46.193800,6.170200,Bosch,Indego S+ 400,BOS-I400-1938,PelousePro,1.8.4,15 Mar 2021,05 Jun 2024,5001,UTC,2024-05-13 10:07:00,6.170183,46.193872,Mowing,89
Chemin du Pré Fleuri 12,1208,Genève,Geneva,46.193800,6.170200,Bosch,Indego S+ 400,BOS-I400-1938,PelousePro,1.8.4,15 Mar 2021,05 Jun 2024,5001,UTC,2024-05-13 10:14:00,6.170172,46.193890,Mowing,87
Chemin du Pré Fleuri 12,1208,Genève,Geneva,46.193800,6.170200,Bosch,Indego S+ 400,BOS-I400-1938,PelousePro,1.8.4,15 Mar 2021,05 Jun 2024,5001,UTC,2024-05-13 10:21:00,6.170281,46.193804,Error,85
Chemin du Pré Fleuri 12,1208,Genève,Geneva,46.193800,6.170200,Bosch,Indego S+ 400,BOS-I400-1938,PelousePro,1.8.4,15 Mar 2021,05 Jun 2024,5001,UTC,2024-05-13 10:28:00,6.170281,46.193804,Paused,85
Chemin du Pré Fleuri 12,1208,Genève,Geneva,46.193800,6.170200,Bosch,Indego S+ 400,BOS-I400-1938,PelousePro,1.8.4,15 Mar 2021,05 Jun 2024,5001,UTC,2024-05-13 10:35:00,6.170205,46.193865,Mowing,84
Chemin du Pré Fleuri 12,1208,Genève,Geneva,46.193800,6.170200,Bosch,Indego S+ 400,BOS-I400-1938,PelousePro,1.8.4,15 Mar 2021,05 Jun 2024,5001,UTC,2024-05-13 10:49:00,6.170113,46.193880,Mowing,81
Chemin du Pré Fleuri 12,1208,Genève,Geneva,46.193800,6.170200,Bosch,Indego S+ 400,BOS-I400-1938,PelousePro,1.8.4,15 Mar 2021,05 Jun 2024,5001,UTC,2024-05-13 11:02:00,6.170200,46.193800,ReturningToStation,78
Chemin du Pré Fleuri 12,1208,Genève,Geneva,46.193800,6.170200,Bosch,Indego S+ 400,BOS-I400-1938,PelousePro,1.8.4,15 Mar 2021,05 Jun 2024,5001,UTC,2024-05-13 11:14:00,6.170200,46.193800,StationCharging,78
Chemin du Pré Fleuri 12,1208,Genève,Geneva,46.193800,6.170200,Bosch,Indego S+ 400,BOS-I400-1938,PelousePro,1.8.4,15 Mar 2021,05 Jun 2024,5001,UTC,2024-05-13 11:38:00,6.170200,46.193800,StationChargingCompleted,100
Chemin du Pré Fleuri 12,1208,Genève,Geneva,46.193800,6.170200,Bosch,Indego S+ 400,BOS-I400-1938,PelousePro,1.8.4,15 Mar 2021,05 Jun 2024,5001,UTC,2024-05-27 09:00:00,6.170200,46.193800,StationChargingCompleted,100
Chemin du Pré Fleuri 12,1208,Genève,Geneva,46.193800,6.170200,Bosch,Indego S+ 400,BOS-I400-1938,PelousePro,1.8.4,15 Mar 2021,05 Jun 2024,5001,UTC,2024-05-27 09:08:00,6.170253,46.193833,Mowing,99
Chemin du Pré Fleuri 12,1208,Genève,Geneva,46.193800,6.170200,Bosch,Indego S+ 400,BOS-I400-1938,PelousePro,1.8.4,15 Mar 2021,05 Jun 2024,5001,UTC,2024-05-27 09:13:00,6.170242,46.193841,Mowing,97
Chemin du Pré Fleuri 12,1208,Genève,Geneva,46.193800,6.170200,Bosch,Indego S+ 400,BOS-I400-1938,PelousePro,1.8.4,15 Mar 2021,05 Jun 2024,5001,UTC,2024-05-27 09:22:00,6.170219,46.193777,Mowing,95
Chemin du Pré Fleuri 12,1208,Genève,Geneva,46.193800,6.170200,Bosch,Indego S+ 400,BOS-I400-1938,PelousePro,1.8.4,15 Mar 2021,05 Jun 2024,5001,UTC,2024-05-27 09:30:00,6.170152,46.193850,Mowing,92
Chemin du Pré Fleuri 12,1208,Genève,Geneva,46.193800,6.170200,Bosch,Indego S+ 400,BOS-I400-1938,PelousePro,1.8.4,15 Mar 2021,05 Jun 2024,5001,UTC,2024-05-27 09:44:00,6.170324,46.193888,Mowing,89
Chemin du Pré Fleuri 12,1208,Genève,Geneva,46.193800,6.170200,Bosch,Indego S+ 400,BOS-I400-1938,PelousePro,1.8.4,15 Mar 2021,05 Jun 2024,5001,UTC,2024-05-27 09:55:00,6.170172,46.193890,Paused,89
Chemin du Pré Fleuri 12,1208,Genève,Geneva,46.193800,6.170200,Bosch,Indego S+ 400,BOS-I400-1938,PelousePro,1.8.4,15 Mar 2021,05 Jun 2024,5001,UTC,2024-05-27 10:02:00,6.170172,46.193890,Mowing,88
Chemin du Pré Fleuri 12,1208,Genève,Geneva,46.193800,6.170200,Bosch,Indego S+ 400,BOS-I400-1938,PelousePro,1.8.4,15 Mar 2021,05 Jun 2024,5001,UTC,2024-05-27 10:11:00,6.170220,46.193845,Mowing,85
Chemin du Pré Fleuri 12,1208,Genève,Geneva,46.193800,6.170200,Bosch,Indego S+ 400,BOS-I400-1938,PelousePro,1.8.4,15 Mar 2021,05 Jun 2024,5001,UTC,2024-05-27 10:19:00,6.170119,46.193821,Error,85
Chemin du Pré Fleuri 12,1208,Genève,Geneva,46.193800,6.170200,Bosch,Indego S+ 400,BOS-I400-1938,PelousePro,1.8.4,15 Mar 2021,05 Jun 2024,5001,UTC,2024-05-27 10:24:00,6.170119,46.193821,Paused,85
Chemin du Pré Fleuri 12,1208,Genève,Geneva,46.193800,6.170200,Bosch,Indego S+ 400,BOS-I400-1938,PelousePro,1.8.4,15 Mar 2021,05 Jun 2024,5001,UTC,2024-05-27 10:31:00,6.170200,46.193800,Mowing,84
Chemin du Pré Fleuri 12,1208,Genève,Geneva,46.193800,6.170200,Bosch,Indego S+ 400,BOS-I400-1938,PelousePro,1.8.4,15 Mar 2021,05 Jun 2024,5001,UTC,2024-05-27 10:46:00,6.170250,46.193822,Mowing,80
Chemin du Pré Fleuri 12,1208,Genève,Geneva,46.193800,6.170200,Bosch,Indego S+ 400,BOS-I400-1938,PelousePro,1.8.4,15 Mar 2021,05 Jun 2024,5001,UTC,2024-05-27 10:57:00,6.170212,46.193765,Mowing,77
Chemin du Pré Fleuri 12,1208,Genève,Geneva,46.193800,6.170200,Bosch,Indego S+ 400,BOS-I400-1938,PelousePro,1.8.4,15 Mar 2021,05 Jun 2024,5001,UTC,2024-05-27 11:06:00,6.170200,46.193800,ReturningToStation,74
Chemin du Pré Fleuri 12,1208,Genève,Geneva,46.193800,6.170200,Bosch,Indego S+ 400,BOS-I400-1938,PelousePro,1.8.4,15 Mar 2021,05 Jun 2024,5001,UTC,2024-05-27 11:19:00,6.170200,46.193800,StationCharging,74
Chemin du Pré Fleuri 12,1208,Genève,Geneva,46.193800,6.170200,Bosch,Indego S+ 400,BOS-I400-1938,PelousePro,1.8.4,15 Mar 2021,05 Jun 2024,5001,UTC,2024-05-27 11:43:00,6.170200,46.193800,StationChargingCompleted,100
Blumenweg 7,8008,Zürich,Zürich,47.354200,8.563900,Gardena,Sileno Life 750,GAR-SL750-702,Blumli,2.4.3,2021-09-22,2024-06-28,5002,America/Los_Angeles,2024-04-03 07:30:00,8.563900,47.354200,StationChargingCompleted,100
Blumenweg 7,8008,Zürich,Zürich,47.354200,8.563900,Gardena,Sileno Life 750,GAR-SL750-702,Blumli,2.4.3,2021-09-22,2024-06-28,5002,America/Los_Angeles,2024-04-03 07:36:00,8.563842,47.354299,Mowing,98
Blumenweg 7,8008,Zürich,Zürich,47.354200,8.563900,Gardena,Sileno Life 750,GAR-SL750-702,Blumli,2.4.3,2021-09-22,2024-06-28,5002,America/Los_Angeles,2024-04-03 07:45:00,8.563920,47.354175,Mowing,96
Blumenweg 7,8008,Zürich,Zürich,47.354200,8.563900,Gardena,Sileno Life 750,GAR-SL750-702,Blumli,2.4.3,2021-09-22,2024-06-28,5002,America/Los_Angeles,2024-04-03 07:58:00,8.563895,47.354285,Mowing,94
Blumenweg 7,8008,Zürich,Zürich,47.354200,8.563900,Gardena,Sileno Life 750,GAR-SL750-702,Blumli,2.4.3,2021-09-22,2024-06-28,5002,America/Los_Angeles,2024-04-03 08:10:00,8.563980,47.354210,Mowing,91
Blumenweg 7,8008,Zürich,Zürich,47.354200,8.563900,Gardena,Sileno Life 750,GAR-SL750-702,Blumli,2.4.3,2021-09-22,2024-06-28,5002,America/Los_Angeles,2024-04-03 08:21:00,8.563933,47.354115,Paused,91
Blumenweg 7,8008,Zürich,Zürich,47.354200,8.563900,Gardena,Sileno Life 750,GAR-SL750-702,Blumli,2.4.3,2021-09-22,2024-06-28,5002,America/Los_Angeles,2024-04-03 08:28:00,8.563933,47.354115,Paused,91
Blumenweg 7,8008,Zürich,Zürich,47.354200,8.563900,Gardena,Sileno Life 750,GAR-SL750-702,Blumli,2.4.3,2021-09-22,2024-06-28,5002,America/Los_Angeles,2024-04-03 08:34:00,8.563960,47.354165,Mowing,90
Blumenweg 7,8008,Zürich,Zürich,47.354200,8.563900,Gardena,Sileno Life 750,GAR-SL750-702,Blumli,2.4.3,2021-09-22,2024-06-28,5002,America/Los_Angeles,2024-04-03 08:44:00,8.563880,47.354260,Mowing,88
Blumenweg 7,8008,Zürich,Zürich,47.354200,8.563900,Gardena,Sileno Life 750,GAR-SL750-702,Blumli,2.4.3,2021-09-22,2024-06-28,5002,America/Los_Angeles,2024-04-03 08:53:00,8.563910,47.354109,Mowing,85
Blumenweg 7,8008,Zürich,Zürich,47.354200,8.563900,Gardena,Sileno Life 750,GAR-SL750-702,Blumli,2.4.3,2021-09-22,2024-06-28,5002,America/Los_Angeles,2024-04-03 08:57:00,8.563900,47.354265,Error,85
Blumenweg 7,8008,Zürich,Zürich,47.354200,8.563900,Gardena,Sileno Life 750,GAR-SL750-702,Blumli,2.4.3,2021-09-22,2024-06-28,5002,America/Los_Angeles,2024-04-03 09:03:00,8.563900,47.354265,Paused,85
Blumenweg 7,8008,Zürich,Zürich,47.354200,8.563900,Gardena,Sileno Life 750,GAR-SL750-702,Blumli,2.4.3,2021-09-22,2024-06-28,5002,America/Los_Angeles,2024-04-03 09:09:00,8.563985,47.354120,Mowing,84
Blumenweg 7,8008,Zürich,Zürich,47.354200,8.563900,Gardena,Sileno Life 750,GAR-SL750-702,Blumli,2.4.3,2021-09-22,2024-06-28,5002,America/Los_Angeles,2024-04-03 09:23:00,8.563940,47.354178,Mowing,82
Blumenweg 7,8008,Zürich,Zürich,47.354200,8.563900,Gardena,Sileno Life 750,GAR-SL750-702,Blumli,2.4.3,2021-09-22,2024-06-28,5002,America/Los_Angeles,2024-04-03 09:36:00,8.563899,47.354215,Mowing,79
Blumenweg 7,8008,Zürich,Zürich,47.354200,8.563900,Gardena,Sileno Life 750,GAR-SL750-702,Blumli,2.4.3,2021-09-22,2024-06-28,5002,America/Los_Angeles,2024-04-03 09:45:00,8.563871,47.354199,Mowing,76
Blumenweg 7,8008,Zürich,Zürich,47.354200,8.563900,Gardena,Sileno Life 750,GAR-SL750-702,Blumli,2.4.3,2021-09-22,2024-06-28,5002,America/Los_Angeles,2024-04-03 09:58:00,8.563899,47.354215,ReturningToStation,75
Blumenweg 7,8008,Zürich,Zürich,47.354200,8.563900,Gardena,Sileno Life 750,GAR-SL750-702,Blumli,2.4.3,2021-09-22,2024-06-28,5002,America/Los_Angeles,2024-04-03 10:11:00,8.563900,47.354200,StationCharging,75
Blumenweg 7,8008,Zürich,Zürich,47.354200,8.563900,Gardena,Sileno Life 750,GAR-SL750-702,Blumli,2.4.3,2021-09-22,2024-06-28,5002,America/Los_Angeles,2024-04-03 10:36:00,8.563900,47.354200,StationChargingCompleted,100
Blumenweg 7,8008,Zürich,Zürich,47.354200,8.563900,Gardena,Sileno Life 750,GAR-SL750-702,Blumli,2.4.3,2021-09-22,2024-06-28,5002,America/Los_Angeles,2024-04-15 07:54:00,8.563900,47.354200,StationChargingCompleted,100
Blumenweg 7,8008,Zürich,Zürich,47.354200,8.563900,Gardena,Sileno Life 750,GAR-SL750-702,Blumli,2.4.3,2021-09-22,2024-06-28,5002,America/Los_Angeles,2024-04-15 08:01:00,8.563926,47.354222,Mowing,98
Blumenweg 7,8008,Zürich,Zürich,47.354200,8.563900,Gardena,Sileno Life 750,GAR-SL750-702,Blumli,2.4.3,2021-09-22,2024-06-28,5002,America/Los_Angeles,2024-04-15 08:15:00,8.563889,47.354134,Mowing,96
Blumenweg 7,8008,Zürich,Zürich,47.354200,8.563900,Gardena,Sileno Life 750,GAR-SL750-702,Blumli,2.4.3,2021-09-22,2024-06-28,5002,America/Los_Angeles,2024-04-15 08:23:00,8.563981,47.354240,Mowing,94
Blumenweg 7,8008,Zürich,Zürich,47.354200,8.563900,Gardena,Sileno Life 750,GAR-SL750-702,Blumli,2.4.3,2021-09-22,2024-06-28,5002,America/Los_Angeles,2024-04-15 08:32:00,8.563875,47.354110,Mowing,91
Blumenweg 7,8008,Zürich,Zürich,47.354200,8.563900,Gardena,Sileno Life 750,GAR-SL750-702,Blumli,2.4.3,2021-09-22,2024-06-28,5002,America/Los_Angeles,2024-04-15 08:35:00,8.563997,47.354176,Paused,91
Blumenweg 7,8008,Zürich,Zürich,47.354200,8.563900,Gardena,Sileno Life 750,GAR-SL750-702,Blumli,2.4.3,2021-09-22,2024-06-28,5002,America/Los_Angeles,2024-04-15 08:41:00,8.563997,47.354176,Mowing,90
Blumenweg 7,8008,Zürich,Zürich,47.354200,8.563900,Gardena,Sileno Life 750,GAR-SL750-702,Blumli,2.4.3,2021-09-22,2024-06-28,5002,America/Los_Angeles,2024-04-15 08:54:00,8.563851,47.354230,Mowing,88
Blumenweg 7,8008,Zürich,Zürich,47.354200,8.563900,Gardena,Sileno Life 750,GAR-SL750-702,Blumli,2.4.3,2021-09-22,2024-06-28,5002,America/Los_Angeles,2024-04-15 08:59:00,8.563851,47.354230,Error,88
Blumenweg 7,8008,Zürich,Zürich,47.354200,8.563900,Gardena,Sileno Life 750,GAR-SL750-702,Blumli,2.4.3,2021-09-22,2024-06-28,5002,America/Los_Angeles,2024-04-15 09:04:00,8.563851,47.354230,Paused,88
Blumenweg 7,8008,Zürich,Zürich,47.354200,8.563900,Gardena,Sileno Life 750,GAR-SL750-702,Blumli,2.4.3,2021-09-22,2024-06-28,5002,America/Los_Angeles,2024-04-15 09:13:00,8.563886,47.354203,Mowing,87
Blumenweg 7,8008,Zürich,Zürich,47.354200,8.563900,Gardena,Sileno Life 750,GAR-SL750-702,Blumli,2.4.3,2021-09-22,2024-06-28,5002,America/Los_Angeles,2024-04-15 09:29:00,8.563994,47.354226,Mowing,85
Blumenweg 7,8008,Zürich,Zürich,47.354200,8.563900,Gardena,Sileno Life 750,GAR-SL750-702,Blumli,2.4.3,2021-09-22,2024-06-28,5002,America/Los_Angeles,2024-04-15 09:40:00,8.563951,47.354191,Mowing,82
Blumenweg 7,8008,Zürich,Zürich,47.354200,8.563900,Gardena,Sileno Life 750,GAR-SL750-702,Blumli,2.4.3,2021-09-22,2024-06-28,5002,America/Los_Angeles,2024-04-15 09:55:00,8.563900,47.354200,ReturningToStation,80
Blumenweg 7,8008,Zürich,Zürich,47.354200,8.563900,Gardena,Sileno Life 750,GAR-SL750-702,Blumli,2.4.3,2021-09-22,2024-06-28,5002,America/Los_Angeles,2024-04-15 10:08:00,8.563900,47.354200,StationCharging,80
Blumenweg 7,8008,Zürich,Zürich,47.354200,8.563900,Gardena,Sileno Life 750,GAR-SL750-702,Blumli,2.4.3,2021-09-22,2024-06-28,5002,America/Los_Angeles,2024-04-15 10:21:00,8.563900,47.354200,StationChargingCompleted,100
Blumenweg 7,8008,Zürich,Zürich,47.354200,8.563900,Gardena,Sileno Life 750,GAR-SL750-702,Blumli,2.4.3,2021-09-22,2024-06-28,5002,America/Los_Angeles,2024-05-07 07:49:00,8.563900,47.354200,StationChargingCompleted,100
Blumenweg 7,8008,Zürich,Zürich,47.354200,8.563900,Gardena,Sileno Life 750,GAR-SL750-702,Blumli,2.4.3,2021-09-22,2024-06-28,5002,America/Los_Angeles,2024-05-07 07:54:00,8.563911,47.354170,Mowing,99
Blumenweg 7,8008,Zürich,Zürich,47.354200,8.563900,Gardena,Sileno Life 750,GAR-SL750-702,Blumli,2.4.3,2021-09-22,2024-06-28,5002,America/Los_Angeles,2024-05-07 08:07:00,8.563950,47.354221,Mowing,97
Blumenweg 7,8008,Zürich,Zürich,47.354200,8.563900,Gardena,Sileno Life 750,GAR-SL750-702,Blumli,2.4.3,2021-09-22,2024-06-28,5002,America/Los_Angeles,2024-05-07 08:13:00,8.563871,47.354244,Mowing,94
Blumenweg 7,8008,Zürich,Zürich,47.354200,8.563900,Gardena,Sileno Life 750,GAR-SL750-702,Blumli,2.4.3,2021-09-22,2024-06-28,5002,America/Los_Angeles,2024-05-07 08:21:00,8.563921,47.354155,Mowing,91
Blumenweg 7,8008,Zürich,Zürich,47.354200,8.563900,Gardena,Sileno Life 750,GAR-SL750-702,Blumli,2.4.3,2021-09-22,2024-06-28,5002,America/Los_Angeles,2024-05-07 08:28:00,8.563900,47.354268,Paused,91
Blumenweg 7,8008,Zürich,Zürich,47.354200,8.563900,Gardena,Sileno Life 750,GAR-SL750-702,Blumli,2.4.3,2021-09-22,2024-06-28,5002,America/Los_Angeles,2024-05-07 08:33:00,8.563900,47.354268,Mowing,90
Blumenweg 7,8008,Zürich,Zürich,47.354200,8.563900,Gardena,Sileno Life 750,GAR-SL750-702,Blumli,2.4.3,2021-09-22,2024-06-28,5002,America/Los_Angeles,2024-05-07 08:40:00,8.563984,47.354225,Mowing,88
Blumenweg 7,8008,Zürich,Zürich,47.354200,8.563900,Gardena,Sileno Life 750,GAR-SL750-702,Blumli,2.4.3,2021-09-22,2024-06-28,5002,America/Los_Angeles,2024-05-07 08:50:00,8.563951,47.354191,Mowing,85
Blumenweg 7,8008,Zürich,Zürich,47.354200,8.563900,Gardena,Sileno Life 750,GAR-SL750-702,Blumli,2.4.3,2021-09-22,2024-06-28,5002,America/Los_Angeles,2024-05-07 08:57:00,8.563951,47.354191,Error,85
Blumenweg 7,8008,Zürich,Zürich,47.354200,8.563900,Gardena,Sileno Life 750,GAR-SL750-702,Blumli,2.4.3,2021-09-22,2024-06-28,5002,America/Los_Angeles,2024-05-07 09:00:00,8.563951,47.354191,Paused,85
Blumenweg 7,8008,Zürich,Zürich,47.354200,8.563900,Gardena,Sileno Life 750,GAR-SL750-702,Blumli,2.4.3,2021-09-22,2024-06-28,5002,America/Los_Angeles,2024-05-07 09:10:00,8.563916,47.354200,Mowing,83
Blumenweg 7,8008,Zürich,Zürich,47.354200,8.563900,Gardena,Sileno Life 750,GAR-SL750-702,Blumli,2.4.3,2021-09-22,2024-06-28,5002,America/Los_Angeles,2024-05-07 09:21:00,8.563851,47.354230,Mowing,81
Blumenweg 7,8008,Zürich,Zürich,47.354200,8.563900,Gardena,Sileno Life 750,GAR-SL750-702,Blumli,2.4.3,2021-09-22,2024-06-28,5002,America/Los_Angeles,2024-05-07 09:35:00,8.563925,47.354187,Mowing,78
Blumenweg 7,8008,Zürich,Zürich,47.354200,8.563900,Gardena,Sileno Life 750,GAR-SL750-702,Blumli,2.4.3,2021-09-22,2024-06-28,5002,America/Los_Angeles,2024-05-07 09:51:00,8.563900,47.354200,ReturningToStation,76
Blumenweg 7,8008,Zürich,Zürich,47.354200,8.563900,Gardena,Sileno Life 750,GAR-SL750-702,Blumli,2.4.3,2021-09-22,2024-06-28,5002,America/Los_Angeles,2024-05-07 10:07:00,8.563900,47.354200,StationCharging,76
Blumenweg 7,8008,Zürich,Zürich,47.354200,8.563900,Gardena,Sileno Life 750,GAR-SL750-702,Blumli,2.4.3,2021-09-22,2024-06-28,5002,America/Los_Angeles,2024-05-07 10:28:00,8.563900,47.354200,StationChargingCompleted,100
Blumenweg 7,8008,Zürich,Zürich,47.354200,8.563900,Gardena,Sileno Life 750,GAR-SL750-702,Blumli,2.4.3,2021-09-22,2024-06-28,5002,America/Los_Angeles,2024-05-23 08:02:00,8.563900,47.354200,StationChargingCompleted,100
Blumenweg 7,8008,Zürich,Zürich,47.354200,8.563900,Gardena,Sileno Life 750,GAR-SL750-702,Blumli,2.4.3,2021-09-22,2024-06-28,5002,America/Los_Angeles,2024-05-23 08:09:00,8.563901,47.354175,Mowing,98
Blumenweg 7,8008,Zürich,Zürich,47.354200,8.563900,Gardena,Sileno Life 750,GAR-SL750-702,Blumli,2.4.3,2021-09-22,2024-06-28,5002,America/Los_Angeles,2024-05-23 08:15:00,8.563920,47.354214,Mowing,96
Blumenweg 7,8008,Zürich,Zürich,47.354200,8.563900,Gardena,Sileno Life 750,GAR-SL750-702,Blumli,2.4.3,2021-09-22,2024-06-28,5002,America/Los_Angeles,2024-05-23 08:28:00,8.563888,47.354162,Mowing,94
Blumenweg 7,8008,Zürich,Zürich,47.354200,8.563900,Gardena,Sileno Life 750,GAR-SL750-702,Blumli,2.4.3,2021-09-22,2024-06-28,5002,America/Los_Angeles,2024-05-23 08:38:00,8.563973,47.354230,Mowing,91
Blumenweg 7,8008,Zürich,Zürich,47.354200,8.563900,Gardena,Sileno Life 750,GAR-SL750-702,Blumli,2.4.3,2021-09-22,2024-06-28,5002,America/Los_Angeles,2024-05-23 08:49:00,8.563833,47.354198,Paused,91
Blumenweg 7,8008,Zürich,Zürich,47.354200,8.563900,Gardena,Sileno Life 750,GAR-SL750-702,Blumli,2.4.3,2021-09-22,2024-06-28,5002,America/Los_Angeles,2024-05-23 08:58:00,8.563833,47.354198,Mowing,90
Blumenweg 7,8008,Zürich,Zürich,47.354200,8.563900,Gardena,Sileno Life 750,GAR-SL750-702,Blumli,2.4.3,2021-09-22,2024-06-28,5002,America/Los_Angeles,2024-05-23 09:09:00,8.563887,47.354252,Mowing,87
Blumenweg 7,8008,Zürich,Zürich,47.354200,8.563900,Gardena,Sileno Life 750,GAR-SL750-702,Blumli,2.4.3,2021-09-22,2024-06-28,5002,America/Los_Angeles,2024-05-23 09:14:00,8.563987,47.354170,Error,87
Blumenweg 7,8008,Zürich,Zürich,47.354200,8.563900,Gardena,Sileno Life 750,GAR-SL750-702,Blumli,2.4.3,2021-09-22,2024-06-28,5002,America/Los_Angeles,2024-05-23 09:18:00,8.563987,47.354170,Paused,87
Blumenweg 7,8008,Zürich,Zürich,47.354200,8.563900,Gardena,Sileno Life 750,GAR-SL750-702,Blumli,2.4.3,2021-09-22,2024-06-28,5002,America/Los_Angeles,2024-05-23 09:24:00,8.563951,47.354215,Mowing,86
Blumenweg 7,8008,Zürich,Zürich,47.354200,8.563900,Gardena,Sileno Life 750,GAR-SL750-702,Blumli,2.4.3,2021-09-22,2024-06-28,5002,America/Los_Angeles,2024-05-23 09:32:00,8.563920,47.354214,Mowing,84
Blumenweg 7,8008,Zürich,Zürich,47.354200,8.563900,Gardena,Sileno Life 750,GAR-SL750-702,Blumli,2.4.3,2021-09-22,2024-06-28,5002,America/Los_Angeles,2024-05-23 09:46:00,8.563998,47.354145,Mowing,81
Blumenweg 7,8008,Zürich,Zürich,47.354200,8.563900,Gardena,Sileno Life 750,GAR-SL750-702,Blumli,2.4.3,2021-09-22,2024-06-28,5002,America/Los_Angeles,2024-05-23 09:58:00,8.563900,47.354200,ReturningToStation,80
Blumenweg 7,8008,Zürich,Zürich,47.354200,8.563900,Gardena,Sileno Life 750,GAR-SL750-702,Blumli,2.4.3,2021-09-22,2024-06-28,5002,America/Los_Angeles,2024-05-23 10:08:00,8.563900,47.354200,StationCharging,80
Blumenweg 7,8008,Zürich,Zürich,47.354200,8.563900,Gardena,Sileno Life 750,GAR-SL750-702,Blumli,2.4.3,2021-09-22,2024-06-28,5002,America/Los_Angeles,2024-05-23 10:28:00,8.563900,47.354200,StationChargingCompleted,100
Via Cantonale 23,6918,Figino,Ticino,45.963400,8.878100,Stihl,iMow RMI 422,STI-R422-1634,Tagliaerba,1.6.7,10 March 2023,14 May 2024,5003,Europe/London,2024-04-05 07:19:00,8.878100,45.963400,StationChargingCompleted,100
Via Cantonale 23,6918,Figino,Ticino,45.963400,8.878100,Stihl,iMow RMI 422,STI-R422-1634,Tagliaerba,1.6.7,10 March 2023,14 May 2024,5003,Europe/London,2024-04-05 07:25:00,8.878225,45.963419,Mowing,99
Via Cantonale 23,6918,Figino,Ticino,45.963400,8.878100,Stihl,iMow RMI 422,STI-R422-1634,Tagliaerba,1.6.7,10 March 2023,14 May 2024,5003,Europe/London,2024-04-05 07:31:00,8.878071,45.963405,Mowing,96
Via Cantonale 23,6918,Figino,Ticino,45.963400,8.878100,Stihl,iMow RMI 422,STI-R422-1634,Tagliaerba,1.6.7,10 March 2023,14 May 2024,5003,Europe/London,2024-04-05 07:40:00,8.878168,45.963420,Mowing,94
Via Cantonale 23,6918,Figino,Ticino,45.963400,8.878100,Stihl,iMow RMI 422,STI-R422-1634,Tagliaerba,1.6.7,10 March 2023,14 May 2024,5003,Europe/London,2024-04-05 07:51:00,8.878060,45.963479,Mowing,92
Via Cantonale 23,6918,Figino,Ticino,45.963400,8.878100,Stihl,iMow RMI 422,STI-R422-1634,Tagliaerba,1.6.7,10 March 2023,14 May 2024,5003,Europe/London,2024-04-05 08:05:00,8.878111,45.963444,Mowing,89
Via Cantonale 23,6918,Figino,Ticino,45.963400,8.878100,Stihl,iMow RMI 422,STI-R422-1634,Tagliaerba,1.6.7,10 March 2023,14 May 2024,5003,Europe/London,2024-04-05 08:12:00,8.878094,45.963425,Paused,89
Via Cantonale 23,6918,Figino,Ticino,45.963400,8.878100,Stihl,iMow RMI 422,STI-R422-1634,Tagliaerba,1.6.7,10 March 2023,14 May 2024,5003,Europe/London,2024-04-05 08:16:00,8.878094,45.963425,Mowing,87
Via Cantonale 23,6918,Figino,Ticino,45.963400,8.878100,Stihl,iMow RMI 422,STI-R422-1634,Tagliaerba,1.6.7,10 March 2023,14 May 2024,5003,Europe/London,2024-04-05 08:23:00,8.878162,45.963401,Mowing,85
Via Cantonale 23,6918,Figino,Ticino,45.963400,8.878100,Stihl,iMow RMI 422,STI-R422-1634,Tagliaerba,1.6.7,10 March 2023,14 May 2024,5003,Europe/London,2024-04-05 08:31:00,8.878042,45.963472,Error,83
Via Cantonale 23,6918,Figino,Ticino,45.963400,8.878100,Stihl,iMow RMI 422,STI-R422-1634,Tagliaerba,1.6.7,10 March 2023,14 May 2024,5003,Europe/London,2024-04-05 08:33:00,8.878042,45.963472,Paused,83
Via Cantonale 23,6918,Figino,Ticino,45.963400,8.878100,Stihl,iMow RMI 422,STI-R422-1634,Tagliaerba,1.6.7,10 March 2023,14 May 2024,5003,Europe/London,2024-04-05 08:36:00,8.878112,45.963468,Mowing,82
Via Cantonale 23,6918,Figino,Ticino,45.963400,8.878100,Stihl,iMow RMI 422,STI-R422-1634,Tagliaerba,1.6.7,10 March 2023,14 May 2024,5003,Europe/London,2024-04-05 08:48:00,8.878133,45.963416,Mowing,80
Via Cantonale 23,6918,Figino,Ticino,45.963400,8.878100,Stihl,iMow RMI 422,STI-R422-1634,Tagliaerba,1.6.7,10 March 2023,14 May 2024,5003,Europe/London,2024-04-05 09:01:00,8.878095,45.963480,Mowing,78
Via Cantonale 23,6918,Figino,Ticino,45.963400,8.878100,Stihl,iMow RMI 422,STI-R422-1634,Tagliaerba,1.6.7,10 March 2023,14 May 2024,5003,Europe/London,2024-04-05 09:13:00,8.878100,45.963400,ReturningToStation,76
Via Cantonale 23,6918,Figino,Ticino,45.963400,8.878100,Stihl,iMow RMI 422,STI-R422-1634,Tagliaerba,1.6.7,10 March 2023,14 May 2024,5003,Europe/London,2024-04-05 09:28:00,8.878100,45.963400,StationCharging,76
Via Cantonale 23,6918,Figino,Ticino,45.963400,8.878100,Stihl,iMow RMI 422,STI-R422-1634,Tagliaerba,1.6.7,10 March 2023,14 May 2024,5003,Europe/London,2024-04-05 09:49:00,8.878100,45.963400,StationChargingCompleted,100
Via Cantonale 23,6918,Figino,Ticino,45.963400,8.878100,Stihl,iMow RMI 422,STI-R422-1634,Tagliaerba,1.6.7,10 March 2023,14 May 2024,5003,Europe/London,2024-04-19 07:54:00,8.878100,45.963400,StationChargingCompleted,100
Via Cantonale 23,6918,Figino,Ticino,45.963400,8.878100,Stihl,iMow RMI 422,STI-R422-1634,Tagliaerba,1.6.7,10 March 2023,14 May 2024,5003,Europe/London,2024-04-19 08:03:00,8.878132,45.963418,Mowing,99
Via Cantonale 23,6918,Figino,Ticino,45.963400,8.878100,Stihl,iMow RMI 422,STI-R422-1634,Tagliaerba,1.6.7,10 March 2023,14 May 2024,5003,Europe/London,2024-04-19 08:18:00,8.878094,45.963445,Mowing,97
Via Cantonale 23,6918,Figino,Ticino,45.963400,8.878100,Stihl,iMow RMI 422,STI-R422-1634,Tagliaerba,1.6.7,10 March 2023,14 May 2024,5003,Europe/London,2024-04-19 08:29:00,8.878196,45.963432,Mowing,94
Via Cantonale 23,6918,Figino,Ticino,45.963400,8.878100,Stihl,iMow RMI 422,STI-R422-1634,Tagliaerba,1.6.7,10 March 2023,14 May 2024,5003,Europe/London,2024-04-19 08:38:00,8.878073,45.963410,Mowing,91
Via Cantonale 23,6918,Figino,Ticino,45.963400,8.878100,Stihl,iMow RMI 422,STI-R422-1634,Tagliaerba,1.6.7,10 March 2023,14 May 2024,5003,Europe/London,2024-04-19 08:45:00,8.878087,45.963409,Paused,91
Via Cantonale 23,6918,Figino,Ticino,45.963400,8.878100,Stihl,iMow RMI 422,STI-R422-1634,Tagliaerba,1.6.7,10 March 2023,14 May 2024,5003,Europe/London,2024-04-19 08:51:00,8.878087,45.963409,Mowing,90
Via Cantonale 23,6918,Figino,Ticino,45.963400,8.878100,Stihl,iMow RMI 422,STI-R422-1634,Tagliaerba,1.6.7,10 March 2023,14 May 2024,5003,Europe/London,2024-04-19 08:56:00,8.878083,45.963440,Mowing,88
Via Cantonale 23,6918,Figino,Ticino,45.963400,8.878100,Stihl,iMow RMI 422,STI-R422-1634,Tagliaerba,1.6.7,10 March 2023,14 May 2024,5003,Europe/London,2024-04-19 09:10:00,8.878099,45.963455,Mowing,85
Via Cantonale 23,6918,Figino,Ticino,45.963400,8.878100,Stihl,iMow RMI 422,STI-R422-1634,Tagliaerba,1.6.7,10 March 2023,14 May 2024,5003,Europe/London,2024-04-19 09:19:00,8.878091,45.963415,Error,83
Via Cantonale 23,6918,Figino,Ticino,45.963400,8.878100,Stihl,iMow RMI 422,STI-R422-1634,Tagliaerba,1.6.7,10 March 2023,14 May 2024,5003,Europe/London,2024-04-19 09:25:00,8.878091,45.963415,Paused,83
Via Cantonale 23,6918,Figino,Ticino,45.963400,8.878100,Stihl,iMow RMI 422,STI-R422-1634,Tagliaerba,1.6.7,10 March 2023,14 May 2024,5003,Europe/London,2024-04-19 09:34:00,8.878157,45.963421,Mowing,81
Via Cantonale 23,6918,Figino,Ticino,45.963400,8.878100,Stihl,iMow RMI 422,STI-R422-1634,Tagliaerba,1.6.7,10 March 2023,14 May 2024,5003,Europe/London,2024-04-19 09:49:00,8.878192,45.963487,Mowing,79
Via Cantonale 23,6918,Figino,Ticino,45.963400,8.878100,Stihl,iMow RMI 422,STI-R422-1634,Tagliaerba,1.6.7,10 March 2023,14 May 2024,5003,Europe/London,2024-04-19 10:10:00,8.878100,45.963400,ReturningToStation,77
Via Cantonale 23,6918,Figino,Ticino,45.963400,8.878100,Stihl,iMow RMI 422,STI-R422-1634,Tagliaerba,1.6.7,10 March 2023,14 May 2024,5003,Europe/London,2024-04-19 10:27:00,8.878100,45.963400,StationCharging,77
Via Cantonale 23,6918,Figino,Ticino,45.963400,8.878100,Stihl,iMow RMI 422,STI-R422-1634,Tagliaerba,1.6.7,10 March 2023,14 May 2024,5003,Europe/London,2024-04-19 10:49:00,8.878100,45.963400,StationChargingCompleted,100
Via Cantonale 23,6918,Figino,Ticino,45.963400,8.878100,Stihl,iMow RMI 422,STI-R422-1634,Tagliaerba,1.6.7,10 March 2023,14 May 2024,5003,Europe/London,2024-05-03 07:39:00,8.878100,45.963400,StationChargingCompleted,100
Via Cantonale 23,6918,Figino,Ticino,45.963400,8.878100,Stihl,iMow RMI 422,STI-R422-1634,Tagliaerba,1.6.7,10 March 2023,14 May 2024,5003,Europe/London,2024-05-03 07:46:00,8.878142,45.963418,Mowing,98
Via Cantonale 23,6918,Figino,Ticino,45.963400,8.878100,Stihl,iMow RMI 422,STI-R422-1634,Tagliaerba,1.6.7,10 March 2023,14 May 2024,5003,Europe/London,2024-05-03 07:55:00,8.878191,45.963442,Mowing,97
Via Cantonale 23,6918,Figino,Ticino,45.963400,8.878100,Stihl,iMow RMI 422,STI-R422-1634,Tagliaerba,1.6.7,10 March 2023,14 May 2024,5003,Europe/London,2024-05-03 08:02:00,8.878171,45.963470,Mowing,94
Via Cantonale 23,6918,Figino,Ticino,45.963400,8.878100,Stihl,iMow RMI 422,STI-R422-1634,Tagliaerba,1.6.7,10 March 2023,14 May 2024,5003,Europe/London,2024-05-03 08:17:00,8.878153,45.963410,Mowing,91
Via Cantonale 23,6918,Figino,Ticino,45.963400,8.878100,Stihl,iMow RMI 422,STI-R422-1634,Tagliaerba,1.6.7,10 March 2023,14 May 2024,5003,Europe/London,2024-05-03 08:24:00,8.878059,45.963425,Paused,91
Via Cantonale 23,6918,Figino,Ticino,45.963400,8.878100,Stihl,iMow RMI 422,STI-R422-1634,Tagliaerba,1.6.7,10 March 2023,14 May 2024,5003,Europe/London,2024-05-03 08:31:00,8.878059,45.963425,Mowing,90
Via Cantonale 23,6918,Figino,Ticino,45.963400,8.878100,Stihl,iMow RMI 422,STI-R422-1634,Tagliaerba,1.6.7,10 March 2023,14 May 2024,5003,Europe/London,2024-05-03 08:46:00,8.878090,45.963452,Mowing,87
Via Cantonale 23,6918,Figino,Ticino,45.963400,8.878100,Stihl,iMow RMI 422,STI-R422-1634,Tagliaerba,1.6.7,10 March 2023,14 May 2024,5003,Europe/London,2024-05-03 08:57:00,8.878093,45.963436,Error,87
Via Cantonale 23,6918,Figino,Ticino,45.963400,8.878100,Stihl,iMow RMI 422,STI-R422-1634,Tagliaerba,1.6.7,10 March 2023,14 May 2024,5003,Europe/London,2024-05-03 09:02:00,8.878093,45.963436,Paused,87
Via Cantonale 23,6918,Figino,Ticino,45.963400,8.878100,Stihl,iMow RMI 422,STI-R422-1634,Tagliaerba,1.6.7,10 March 2023,14 May 2024,5003,Europe/London,2024-05-03 09:15:00,8.878153,45.963410,Mowing,85
Via Cantonale 23,6918,Figino,Ticino,45.963400,8.878100,Stihl,iMow RMI 422,STI-R422-1634,Tagliaerba,1.6.7,10 March 2023,14 May 2024,5003,Europe/London,2024-05-03 09:33:00,8.878148,45.963478,Mowing,81
Via Cantonale 23,6918,Figino,Ticino,45.963400,8.878100,Stihl,iMow RMI 422,STI-R422-1634,Tagliaerba,1.6.7,10 March 2023,14 May 2024,5003,Europe/London,2024-05-03 09:50:00,8.878100,45.963400,ReturningToStation,80
Via Cantonale 23,6918,Figino,Ticino,45.963400,8.878100,Stihl,iMow RMI 422,STI-R422-1634,Tagliaerba,1.6.7,10 March 2023,14 May 2024,5003,Europe/London,2024-05-03 10:08:00,8.878100,45.963400,StationCharging,80
Via Cantonale 23,6918,Figino,Ticino,45.963400,8.878100,Stihl,iMow RMI 422,STI-R422-1634,Tagliaerba,1.6.7,10 March 2023,14 May 2024,5003,Europe/London,2024-05-03 10:28:00,8.878100,45.963400,StationChargingCompleted,100
Via Cantonale 23,6918,Figino,Ticino,45.963400,8.878100,Stihl,iMow RMI 422,STI-R422-1634,Tagliaerba,1.6.7,10 March 2023,14 May 2024,5003,Europe/London,2024-05-17 07:50:00,8.878100,45.963400,StationChargingCompleted,100
Via Cantonale 23,6918,Figino,Ticino,45.963400,8.878100,Stihl,iMow RMI 422,STI-R422-1634,Tagliaerba,1.6.7,10 March 2023,14 May 2024,5003,Europe/London,2024-05-17 07:58:00,8.878179,45.963418,Mowing,97
Via Cantonale 23,6918,Figino,Ticino,45.963400,8.878100,Stihl,iMow RMI 422,STI-R422-1634,Tagliaerba,1.6.7,10 March 2023,14 May 2024,5003,Europe/London,2024-05-17 08:11:00,8.878094,45.963405,Mowing,96
Via Cantonale 23,6918,Figino,Ticino,45.963400,8.878100,Stihl,iMow RMI 422,STI-R422-1634,Tagliaerba,1.6.7,10 March 2023,14 May 2024,5003,Europe/London,2024-05-17 08:23:00,8.878168,45.963420,Mowing,94
Via Cantonale 23,6918,Figino,Ticino,45.963400,8.878100,Stihl,iMow RMI 422,STI-R422-1634,Tagliaerba,1.6.7,10 March 2023,14 May 2024,5003,Europe/London,2024-05-17 08:32:00,8.878060,45.963410,Mowing,92
Via Cantonale 23,6918,Figino,Ticino,45.963400,8.878100,Stihl,iMow RMI 422,STI-R422-1634,Tagliaerba,1.6.7,10 March 2023,14 May 2024,5003,Europe/London,2024-05-17 08:44:00,8.878111,45.963444,Paused,91
Via Cantonale 23,6918,Figino,Ticino,45.963400,8.878100,Stihl,iMow RMI 422,STI-R422-1634,Tagliaerba,1.6.7,10 March 2023,14 May 2024,5003,Europe/London,2024-05-17 08:57:00,8.878111,45.963444,Mowing,90
Via Cantonale 23,6918,Figino,Ticino,45.963400,8.878100,Stihl,iMow RMI 422,STI-R422-1634,Tagliaerba,1.6.7,10 March 2023,14 May 2024,5003,Europe/London,2024-05-17 09:13:00,8.878225,45.963419,Mowing,88
Via Cantonale 23,6918,Figino,Ticino,45.963400,8.878100,Stihl,iMow RMI 422,STI-R422-1634,Tagliaerba,1.6.7,10 March 2023,14 May 2024,5003,Europe/London,2024-05-17 09:21:00,8.878091,45.963415,Error,86
Via Cantonale 23,6918,Figino,Ticino,45.963400,8.878100,Stihl,iMow RMI 422,STI-R422-1634,Tagliaerba,1.6.7,10 March 2023,14 May 2024,5003,Europe/London,2024-05-17 09:26:00,8.878091,45.963415,Paused,86
Via Cantonale 23,6918,Figino,Ticino,45.963400,8.878100,Stihl,iMow RMI 422,STI-R422-1634,Tagliaerba,1.6.7,10 March 2023,14 May 2024,5003,Europe/London,2024-05-17 09:36:00,8.878094,45.963425,Mowing,84
Via Cantonale 23,6918,Figino,Ticino,45.963400,8.878100,Stihl,iMow RMI 422,STI-R422-1634,Tagliaerba,1.6.7,10 March 2023,14 May 2024,5003,Europe/London,2024-05-17 09:50:00,8.878133,45.963416,Mowing,81
Via Cantonale 23,6918,Figino,Ticino,45.963400,8.878100,Stihl,iMow RMI 422,STI-R422-1634,Tagliaerba,1.6.7,10 March 2023,14 May 2024,5003,Europe/London,2024-05-17 09:58:00,8.878100,45.963400,ReturningToStation,80
Via Cantonale 23,6918,Figino,Ticino,45.963400,8.878100,Stihl,iMow RMI 422,STI-R422-1634,Tagliaerba,1.6.7,10 March 2023,14 May 2024,5003,Europe/London,2024-05-17 10:14:00,8.878100,45.963400,StationCharging,80
Via Cantonale 23,6918,Figino,Ticino,45.963400,8.878100,Stihl,iMow RMI 422,STI-R422-1634,Tagliaerba,1.6.7,10 March 2023,14 May 2024,5003,Europe/London,2024-05-17 10:39:00,8.878100,45.963400,StationChargingCompleted,100
Rue de la Forêt 4,1564,Domdidier,Fribourg,46.867000,6.998500,Robomow,RK1000,ROB-RK1K-0874,Jardinier,2.1.0,2020-08-15,2024-06-06,5004,Asia/Dubai,2024-02-10 08:00:00,6.998500,46.867000,StationChargingCompleted,100
Rue de la Forêt 4,1564,Domdidier,Fribourg,46.867000,6.998500,Robomow,RK1000,ROB-RK1K-0874,Jardinier,2.1.0,2020-08-15,2024-06-06,5004,Asia/Dubai,2024-02-10 08:07:00,6.998501,46.867013,Mowing,99
Rue de la Forêt 4,1564,Domdidier,Fribourg,46.867000,6.998500,Robomow,RK1000,ROB-RK1K-0874,Jardinier,2.1.0,2020-08-15,2024-06-06,5004,Asia/Dubai,2024-02-10 08:17:00,6.998528,46.867025,Mowing,98
Rue de la Forêt 4,1564,Domdidier,Fribourg,46.867000,6.998500,Robomow,RK1000,ROB-RK1K-0874,Jardinier,2.1.0,2020-08-15,2024-06-06,5004,Asia/Dubai,2024-02-10 08:32:00,6.998542,46.867019,Mowing,96
Rue de la Forêt 4,1564,Domdidier,Fribourg,46.867000,6.998500,Robomow,RK1000,ROB-RK1K-0874,Jardinier,2.1.0,2020-08-15,2024-06-06,5004,Asia/Dubai,2024-02-10 08:46:00,6.998470,46.867010,Mowing,93
Rue de la Forêt 4,1564,Domdidier,Fribourg,46.867000,6.998500,Robomow,RK1000,ROB-RK1K-0874,Jardinier,2.1.0,2020-08-15,2024-06-06,5004,Asia/Dubai,2024-02-10 08:58:00,6.998505,46.867042,Mowing,91
Rue de la Forêt 4,1564,Domdidier,Fribourg,46.867000,6.998500,Robomow,RK1000,ROB-RK1K-0874,Jardinier,2.1.0,2020-08-15,2024-06-06,5004,Asia/Dubai,2024-02-10 09:02:00,6.998498,46.867038,Paused,91
Rue de la Forêt 4,1564,Domdidier,Fribourg,46.867000,6.998500,Robomow,RK1000,ROB-RK1K-0874,Jardinier,2.1.0,2020-08-15,2024-06-06,5004,Asia/Dubai,2024-02-10 09:08:00,6.998498,46.867038,Paused,91
Rue de la Forêt 4,1564,Domdidier,Fribourg,46.867000,6.998500,Robomow,RK1000,ROB-RK1K-0874,Jardinier,2.1.0,2020-08-15,2024-06-06,5004,Asia/Dubai,2024-02-10 09:16:00,6.998527,46.867028,Mowing,90
Rue de la Forêt 4,1564,Domdidier,Fribourg,46.867000,6.998500,Robomow,RK1000,ROB-RK1K-0874,Jardinier,2.1.0,2020-08-15,2024-06-06,5004,Asia/Dubai,2024-02-10 09:28:00,6.998499,46.867015,Mowing,88
Rue de la Forêt 4,1564,Domdidier,Fribourg,46.867000,6.998500,Robomow,RK1000,ROB-RK1K-0874,Jardinier,2.1.0,2020-08-15,2024-06-06,5004,Asia/Dubai,2024-02-10 09:36:00,6.998463,46.867020,Mowing,85
Rue de la Forêt 4,1564,Domdidier,Fribourg,46.867000,6.998500,Robomow,RK1000,ROB-RK1K-0874,Jardinier,2.1.0,2020-08-15,2024-06-06,5004,Asia/Dubai,2024-02-10 09:44:00,6.998463,46.867020,Error,85
Rue de la Forêt 4,1564,Domdidier,Fribourg,46.867000,6.998500,Robomow,RK1000,ROB-RK1K-0874,Jardinier,2.1.0,2020-08-15,2024-06-06,5004,Asia/Dubai,2024-02-10 09:49:00,6.998463,46.867020,Paused,85
Rue de la Forêt 4,1564,Domdidier,Fribourg,46.867000,6.998500,Robomow,RK1000,ROB-RK1K-0874,Jardinier,2.1.0,2020-08-15,2024-06-06,5004,Asia/Dubai,2024-02-10 09:59:00,6.998520,46.867014,Mowing,84
Rue de la Forêt 4,1564,Domdidier,Fribourg,46.867000,6.998500,Robomow,RK1000,ROB-RK1K-0874,Jardinier,2.1.0,2020-08-15,2024-06-06,5004,Asia/Dubai,2024-02-10 10:11:00,6.998529,46.867024,Mowing,82
Rue de la Forêt 4,1564,Domdidier,Fribourg,46.867000,6.998500,Robomow,RK1000,ROB-RK1K-0874,Jardinier,2.1.0,2020-08-15,2024-06-06,5004,Asia/Dubai,2024-02-10 10:27:00,6.998501,46.867013,Mowing,79
Rue de la Forêt 4,1564,Domdidier,Fribourg,46.867000,6.998500,Robomow,RK1000,ROB-RK1K-0874,Jardinier,2.1.0,2020-08-15,2024-06-06,5004,Asia/Dubai,2024-02-10 10:38:00,6.998500,46.867000,ReturningToStation,77
Rue de la Forêt 4,1564,Domdidier,Fribourg,46.867000,6.998500,Robomow,RK1000,ROB-RK1K-0874,Jardinier,2.1.0,2020-08-15,2024-06-06,5004,Asia/Dubai,2024-02-10 10:55:00,6.998500,46.867000,StationCharging,77
Rue de la Forêt 4,1564,Domdidier,Fribourg,46.867000,6.998500,Robomow,RK1000,ROB-RK1K-0874,Jardinier,2.1.0,2020-08-15,2024-06-06,5004,Asia/Dubai,2024-02-10 11:18:00,6.998500,46.867000,StationChargingCompleted,100
Rue de la Forêt 4,1564,Domdidier,Fribourg,46.867000,6.998500,Robomow,RK1000,ROB-RK1K-0874,Jardinier,2.1.0,2020-08-15,2024-06-06,5004,Asia/Dubai,2024-02-24 08:06:00,6.998500,46.867000,StationChargingCompleted,100
Rue de la Forêt 4,1564,Domdidier,Fribourg,46.867000,6.998500,Robomow,RK1000,ROB-RK1K-0874,Jardinier,2.1.0,2020-08-15,2024-06-06,5004,Asia/Dubai,2024-02-24 08:12:00,6.998501,46.867012,Mowing,99
Rue de la Forêt 4,1564,Domdidier,Fribourg,46.867000,6.998500,Robomow,RK1000,ROB-RK1K-0874,Jardinier,2.1.0,2020-08-15,2024-06-06,5004,Asia/Dubai,2024-02-24 08:27:00,6.998542,46.867019,Mowing,97
Rue de la Forêt 4,1564,Domdidier,Fribourg,46.867000,6.998500,Robomow,RK1000,ROB-RK1K-0874,Jardinier,2.1.0,2020-08-15,2024-06-06,5004,Asia/Dubai,2024-02-24 08:34:00,6.998538,46.867015,Mowing,95
Rue de la Forêt 4,1564,Domdidier,Fribourg,46.867000,6.998500,Robomow,RK1000,ROB-RK1K-0874,Jardinier,2.1.0,2020-08-15,2024-06-06,5004,Asia/Dubai,2024-02-24 08:46:00,6.998575,46.867027,Mowing,93
Rue de la Forêt 4,1564,Domdidier,Fribourg,46.867000,6.998500,Robomow,RK1000,ROB-RK1K-0874,Jardinier,2.1.0,2020-08-15,2024-06-06,5004,Asia/Dubai,2024-02-24 08:53:00,6.998485,46.867005,Paused,93
Rue de la Forêt 4,1564,Domdidier,Fribourg,46.867000,6.998500,Robomow,RK1000,ROB-RK1K-0874,Jardinier,2.1.0,2020-08-15,2024-06-06,5004,Asia/Dubai,2024-02-24 08:58:00,6.998485,46.867005,Mowing,92
Rue de la Forêt 4,1564,Domdidier,Fribourg,46.867000,6.998500,Robomow,RK1000,ROB-RK1K-0874,Jardinier,2.1.0,2020-08-15,2024-06-06,5004,Asia/Dubai,2024-02-24 09:09:00,6.998469,46.867028,Mowing,90
Rue de la Forêt 4,1564,Domdidier,Fribourg,46.867000,6.998500,Robomow,RK1000,ROB-RK1K-0874,Jardinier,2.1.0,2020-08-15,2024-06-06,5004,Asia/Dubai,2024-02-24 09:17:00,6.998501,46.867013,Mowing,88
Rue de la Forêt 4,1564,Domdidier,Fribourg,46.867000,6.998500,Robomow,RK1000,ROB-RK1K-0874,Jardinier,2.1.0,2020-08-15,2024-06-06,5004,Asia/Dubai,2024-02-24 09:26:00,6.998539,46.867017,Error,87
Rue de la Forêt 4,1564,Domdidier,Fribourg,46.867000,6.998500,Robomow,RK1000,ROB-RK1K-0874,Jardinier,2.1.0,2020-08-15,2024-06-06,5004,Asia/Dubai,2024-02-24 09:34:00,6.998539,46.867017,Paused,87
Rue de la Forêt 4,1564,Domdidier,Fribourg,46.867000,6.998500,Robomow,RK1000,ROB-RK1K-0874,Jardinier,2.1.0,2020-08-15,2024-06-06,5004,Asia/Dubai,2024-02-24 09:45:00,6.998534,46.867020,Mowing,86
Rue de la Forêt 4,1564,Domdidier,Fribourg,46.867000,6.998500,Robomow,RK1000,ROB-RK1K-0874,Jardinier,2.1.0,2020-08-15,2024-06-06,5004,Asia/Dubai,2024-02-24 09:57:00,6.998499,46.867015,Mowing,83
Rue de la Forêt 4,1564,Domdidier,Fribourg,46.867000,6.998500,Robomow,RK1000,ROB-RK1K-0874,Jardinier,2.1.0,2020-08-15,2024-06-06,5004,Asia/Dubai,2024-02-24 10:11:00,6.998470,46.867010,Mowing,81
Rue de la Forêt 4,1564,Domdidier,Fribourg,46.867000,6.998500,Robomow,RK1000,ROB-RK1K-0874,Jardinier,2.1.0,2020-08-15,2024-06-06,5004,Asia/Dubai,2024-02-24 10:24:00,6.998500,46.867000,ReturningToStation,79
Rue de la Forêt 4,1564,Domdidier,Fribourg,46.867000,6.998500,Robomow,RK1000,ROB-RK1K-0874,Jardinier,2.1.0,2020-08-15,2024-06-06,5004,Asia/Dubai,2024-02-24 10:38:00,6.998500,46.867000,StationCharging,79
Rue de la Forêt 4,1564,Domdidier,Fribourg,46.867000,6.998500,Robomow,RK1000,ROB-RK1K-0874,Jardinier,2.1.0,2020-08-15,2024-06-06,5004,Asia/Dubai,2024-02-24 11:01:00,6.998500,46.867000,StationChargingCompleted,100
Rue de la Forêt 4,1564,Domdidier,Fribourg,46.867000,6.998500,Robomow,RK1000,ROB-RK1K-0874,Jardinier,2.1.0,2020-08-15,2024-06-06,5004,Asia/Dubai,2024-03-09 08:13:00,6.998500,46.867000,StationChargingCompleted,100
Rue de la Forêt 4,1564,Domdidier,Fribourg,46.867000,6.998500,Robomow,RK1000,ROB-RK1K-0874,Jardinier,2.1.0,2020-08-15,2024-06-06,5004,Asia/Dubai,2024-03-09 08:20:00,6.998548,46.867011,Mowing,99
Rue de la Forêt 4,1564,Domdidier,Fribourg,46.867000,6.998500,Robomow,RK1000,ROB-RK1K-0874,Jardinier,2.1.0,2020-08-15,2024-06-06,5004,Asia/Dubai,2024-03-09 08:37:00,6.998539,46.867014,Mowing,97
Rue de la Forêt 4,1564,Domdidier,Fribourg,46.867000,6.998500,Robomow,RK1000,ROB-RK1K-0874,Jardinier,2.1.0,2020-08-15,2024-06-06,5004,Asia/Dubai,2024-03-09 08:42:00,6.998498,46.867031,Mowing,96
Rue de la Forêt 4,1564,Domdidier,Fribourg,46.867000,6.998500,Robomow,RK1000,ROB-RK1K-0874,Jardinier,2.1.0,2020-08-15,2024-06-06,5004,Asia/Dubai,2024-03-09 08:58:00,6.998566,46.867019,Mowing,94
Rue de la Forêt 4,1564,Domdidier,Fribourg,46.867000,6.998500,Robomow,RK1000,ROB-RK1K-0874,Jardinier,2.1.0,2020-08-15,2024-06-06,5004,Asia/Dubai,2024-03-09 09:12:00,6.998520,46.867014,Paused,94
Rue de la Forêt 4,1564,Domdidier,Fribourg,46.867000,6.998500,Robomow,RK1000,ROB-RK1K-0874,Jardinier,2.1.0,2020-08-15,2024-06-06,5004,Asia/Dubai,2024-03-09 09:15:00,6.998520,46.867014,Mowing,93
Rue de la Forêt 4,1564,Domdidier,Fribourg,46.867000,6.998500,Robomow,RK1000,ROB-RK1K-0874,Jardinier,2.1.0,2020-08-15,2024-06-06,5004,Asia/Dubai,2024-03-09 09:23:00,6.998570,46.867025,Mowing,91
Rue de la Forêt 4,1564,Domdidier,Fribourg,46.867000,6.998500,Robomow,RK1000,ROB-RK1K-0874,Jardinier,2.1.0,2020-08-15,2024-06-06,5004,Asia/Dubai,2024-03-09 09:31:00,6.998517,46.867017,Mowing,88
Rue de la Forêt 4,1564,Domdidier,Fribourg,46.867000,6.998500,Robomow,RK1000,ROB-RK1K-0874,Jardinier,2.1.0,2020-08-15,2024-06-06,5004,Asia/Dubai,2024-03-09 09:46:00,6.998463,46.867020,Error,87
Rue de la Forêt 4,1564,Domdidier,Fribourg,46.867000,6.998500,Robomow,RK1000,ROB-RK1K-0874,Jardinier,2.1.0,2020-08-15,2024-06-06,5004,Asia/Dubai,2024-03-09 09:55:00,6.998463,46.867020,Paused,87
Rue de la Forêt 4,1564,Domdidier,Fribourg,46.867000,6.998500,Robomow,RK1000,ROB-RK1K-0874,Jardinier,2.1.0,2020-08-15,2024-06-06,5004,Asia/Dubai,2024-03-09 10:01:00,6.998520,46.867014,Mowing,85
Rue de la Forêt 4,1564,Domdidier,Fribourg,46.867000,6.998500,Robomow,RK1000,ROB-RK1K-0874,Jardinier,2.1.0,2020-08-15,2024-06-06,5004,Asia/Dubai,2024-03-09 10:14:00,6.998529,46.867024,Mowing,82
Rue de la Forêt 4,1564,Domdidier,Fribourg,46.867000,6.998500,Robomow,RK1000,ROB-RK1K-0874,Jardinier,2.1.0,2020-08-15,2024-06-06,5004,Asia/Dubai,2024-03-09 10:37:00,6.998501,46.867013,Mowing,80
Rue de la Forêt 4,1564,Domdidier,Fribourg,46.867000,6.998500,Robomow,RK1000,ROB-RK1K-0874,Jardinier,2.1.0,2020-08-15,2024-06-06,5004,Asia/Dubai,2024-03-09 10:59:00,6.998500,46.867000,ReturningToStation,78
Rue de la Forêt 4,1564,Domdidier,Fribourg,46.867000,6.998500,Robomow,RK1000,ROB-RK1K-0874,Jardinier,2.1.0,2020-08-15,2024-06-06,5004,Asia/Dubai,2024-03-09 11:15:00,6.998500,46.867000,StationCharging,78
Rue de la Forêt 4,1564,Domdidier,Fribourg,46.867000,6.998500,Robomow,RK1000,ROB-RK1K-0874,Jardinier,2.1.0,2020-08-15,2024-06-06,5004,Asia/Dubai,2024-03-09 11:39:00,6.998500,46.867000,StationChargingCompleted,100
Rue de la Forêt 4,1564,Domdidier,Fribourg,46.867000,6.998500,Robomow,RK1000,ROB-RK1K-0874,Jardinier,2.1.0,2020-08-15,2024-06-06,5004,Asia/Dubai,2024-03-23 08:14:00,6.998500,46.867000,StationChargingCompleted,100
Rue de la Forêt 4,1564,Domdidier,Fribourg,46.867000,6.998500,Robomow,RK1000,ROB-RK1K-0874,Jardinier,2.1.0,2020-08-15,2024-06-06,5004,Asia/Dubai,2024-03-23 08:21:00,6.998518,46.867010,Mowing,99
Rue de la Forêt 4,1564,Domdidier,Fribourg,46.867000,6.998500,Robomow,RK1000,ROB-RK1K-0874,Jardinier,2.1.0,2020-08-15,2024-06-06,5004,Asia/Dubai,2024-03-23 08:32:00,6.998525,46.867022,Mowing,98
Rue de la Forêt 4,1564,Domdidier,Fribourg,46.867000,6.998500,Robomow,RK1000,ROB-RK1K-0874,Jardinier,2.1.0,2020-08-15,2024-06-06,5004,Asia/Dubai,2024-03-23 08:54:00,6.998517,46.867017,Mowing,96
Rue de la Forêt 4,1564,Domdidier,Fribourg,46.867000,6.998500,Robomow,RK1000,ROB-RK1K-0874,Jardinier,2.1.0,2020-08-15,2024-06-06,5004,Asia/Dubai,2024-03-23 09:14:00,6.998548,46.867011,Mowing,94
Rue de la Forêt 4,1564,Domdidier,Fribourg,46.867000,6.998500,Robomow,RK1000,ROB-RK1K-0874,Jardinier,2.1.0,2020-08-15,2024-06-06,5004,Asia/Dubai,2024-03-23 09:26:00,6.998538,46.867015,Paused,94
Rue de la Forêt 4,1564,Domdidier,Fribourg,46.867000,6.998500,Robomow,RK1000,ROB-RK1K-0874,Jardinier,2.1.0,2020-08-15,2024-06-06,5004,Asia/Dubai,2024-03-23 09:33:00,6.998538,46.867015,Mowing,93
Rue de la Forêt 4,1564,Domdidier,Fribourg,46.867000,6.998500,Robomow,RK1000,ROB-RK1K-0874,Jardinier,2.1.0,2020-08-15,2024-06-06,5004,Asia/Dubai,2024-03-23 09:40:00,6.998539,46.867017,Error,93
Rue de la Forêt 4,1564,Domdidier,Fribourg,46.867000,6.998500,Robomow,RK1000,ROB-RK1K-0874,Jardinier,2.1.0,2020-08-15,2024-06-06,5004,Asia/Dubai,2024-03-23 09:47:00,6.998539,46.867017,Paused,93
Rue de la Forêt 4,1564,Domdidier,Fribourg,46.867000,6.998500,Robomow,RK1000,ROB-RK1K-0874,Jardinier,2.1.0,2020-08-15,2024-06-06,5004,Asia/Dubai,2024-03-23 09:54:00,6.998520,46.867014,Mowing,92
Rue de la Forêt 4,1564,Domdidier,Fribourg,46.867000,6.998500,Robomow,RK1000,ROB-RK1K-0874,Jardinier,2.1.0,2020-08-15,2024-06-06,5004,Asia/Dubai,2024-03-23 10:05:00,6.998570,46.867025,Mowing,90
Rue de la Forêt 4,1564,Domdidier,Fribourg,46.867000,6.998500,Robomow,RK1000,ROB-RK1K-0874,Jardinier,2.1.0,2020-08-15,2024-06-06,5004,Asia/Dubai,2024-03-23 10:21:00,6.998575,46.867027,Mowing,87
Rue de la Forêt 4,1564,Domdidier,Fribourg,46.867000,6.998500,Robomow,RK1000,ROB-RK1K-0874,Jardinier,2.1.0,2020-08-15,2024-06-06,5004,Asia/Dubai,2024-03-23 10:34:00,6.998470,46.867010,Mowing,84
Rue de la Forêt 4,1564,Domdidier,Fribourg,46.867000,6.998500,Robomow,RK1000,ROB-RK1K-0874,Jardinier,2.1.0,2020-08-15,2024-06-06,5004,Asia/Dubai,2024-03-23 10:57:00,6.998500,46.867000,ReturningToStation,82
Rue de la Forêt 4,1564,Domdidier,Fribourg,46.867000,6.998500,Robomow,RK1000,ROB-RK1K-0874,Jardinier,2.1.0,2020-08-15,2024-06-06,5004,Asia/Dubai,2024-03-23 11:15:00,6.998500,46.867000,StationCharging,82
Rue de la Forêt 4,1564,Domdidier,Fribourg,46.867000,6.998500,Robomow,RK1000,ROB-RK1K-0874,Jardinier,2.1.0,2020-08-15,2024-06-06,5004,Asia/Dubai,2024-03-23 11:43:00,6.998500,46.867000,StationChargingCompleted,100
Haldenstrasse 11,6006,Luzern,Luzern,47.056300,8.343700,Honda,Miimo HRM 310,HON-M310-6632,Luzerino,3.0.9,19 May 2022,07 July 2024,5005,Europe/Moscow,2024-02-14 08:05:00,8.343700,47.056300,StationChargingCompleted,100
Haldenstrasse 11,6006,Luzern,Luzern,47.056300,8.343700,Honda,Miimo HRM 310,HON-M310-6632,Luzerino,3.0.9,19 May 2022,07 July 2024,5005,Europe/Moscow,2024-02-14 08:15:00,8.343815,47.056324,Mowing,99
Haldenstrasse 11,6006,Luzern,Luzern,47.056300,8.343700,Honda,Miimo HRM 310,HON-M310-6632,Luzerino,3.0.9,19 May 2022,07 July 2024,5005,Europe/Moscow,2024-02-14 08:22:00,8.343806,47.056318,Mowing,97
Haldenstrasse 11,6006,Luzern,Luzern,47.056300,8.343700,Honda,Miimo HRM 310,HON-M310-6632,Luzerino,3.0.9,19 May 2022,07 July 2024,5005,Europe/Moscow,2024-02-14 08:30:00,8.343738,47.056310,Mowing,94
Haldenstrasse 11,6006,Luzern,Luzern,47.056300,8.343700,Honda,Miimo HRM 310,HON-M310-6632,Luzerino,3.0.9,19 May 2022,07 July 2024,5005,Europe/Moscow,2024-02-14 08:47:00,8.343742,47.056309,Mowing,92
Haldenstrasse 11,6006,Luzern,Luzern,47.056300,8.343700,Honda,Miimo HRM 310,HON-M310-6632,Luzerino,3.0.9,19 May 2022,07 July 2024,5005,Europe/Moscow,2024-02-14 08:59:00,8.343730,47.056338,Mowing,90
Haldenstrasse 11,6006,Luzern,Luzern,47.056300,8.343700,Honda,Miimo HRM 310,HON-M310-6632,Luzerino,3.0.9,19 May 2022,07 July 2024,5005,Europe/Moscow,2024-02-14 09:08:00,8.343715,47.056299,Paused,90
Haldenstrasse 11,6006,Luzern,Luzern,47.056300,8.343700,Honda,Miimo HRM 310,HON-M310-6632,Luzerino,3.0.9,19 May 2022,07 July 2024,5005,Europe/Moscow,2024-02-14 09:13:00,8.343715,47.056299,Mowing,89
Haldenstrasse 11,6006,Luzern,Luzern,47.056300,8.343700,Honda,Miimo HRM 310,HON-M310-6632,Luzerino,3.0.9,19 May 2022,07 July 2024,5005,Europe/Moscow,2024-02-14 09:20:00,8.343735,47.056320,Mowing,87
Haldenstrasse 11,6006,Luzern,Luzern,47.056300,8.343700,Honda,Miimo HRM 310,HON-M310-6632,Luzerino,3.0.9,19 May 2022,07 July 2024,5005,Europe/Moscow,2024-02-14 09:33:00,8.343720,47.056325,Error,85
Haldenstrasse 11,6006,Luzern,Luzern,47.056300,8.343700,Honda,Miimo HRM 310,HON-M310-6632,Luzerino,3.0.9,19 May 2022,07 July 2024,5005,Europe/Moscow,2024-02-14 09:36:00,8.343720,47.056325,Paused,85
Haldenstrasse 11,6006,Luzern,Luzern,47.056300,8.343700,Honda,Miimo HRM 310,HON-M310-6632,Luzerino,3.0.9,19 May 2022,07 July 2024,5005,Europe/Moscow,2024-02-14 09:40:00,8.343713,47.056336,Mowing,84
Haldenstrasse 11,6006,Luzern,Luzern,47.056300,8.343700,Honda,Miimo HRM 310,HON-M310-6632,Luzerino,3.0.9,19 May 2022,07 July 2024,5005,Europe/Moscow,2024-02-14 09:52:00,8.343765,47.056314,Mowing,81
Haldenstrasse 11,6006,Luzern,Luzern,47.056300,8.343700,Honda,Miimo HRM 310,HON-M310-6632,Luzerino,3.0.9,19 May 2022,07 July 2024,5005,Europe/Moscow,2024-02-14 10:03:00,8.343723,47.056340,Mowing,78
Haldenstrasse 11,6006,Luzern,Luzern,47.056300,8.343700,Honda,Miimo HRM 310,HON-M310-6632,Luzerino,3.0.9,19 May 2022,07 July 2024,5005,Europe/Moscow,2024-02-14 10:16:00,8.343700,47.056300,ReturningToStation,77
Haldenstrasse 11,6006,Luzern,Luzern,47.056300,8.343700,Honda,Miimo HRM 310,HON-M310-6632,Luzerino,3.0.9,19 May 2022,07 July 2024,5005,Europe/Moscow,2024-02-14 10:33:00,8.343700,47.056300,StationCharging,77
Haldenstrasse 11,6006,Luzern,Luzern,47.056300,8.343700,Honda,Miimo HRM 310,HON-M310-6632,Luzerino,3.0.9,19 May 2022,07 July 2024,5005,Europe/Moscow,2024-02-14 10:49:00,8.343700,47.056300,StationChargingCompleted,100
Haldenstrasse 11,6006,Luzern,Luzern,47.056300,8.343700,Honda,Miimo HRM 310,HON-M310-6632,Luzerino,3.0.9,19 May 2022,07 July 2024,5005,Europe/Moscow,2024-02-28 08:04:00,8.343700,47.056300,StationChargingCompleted,100
Haldenstrasse 11,6006,Luzern,Luzern,47.056300,8.343700,Honda,Miimo HRM 310,HON-M310-6632,Luzerino,3.0.9,19 May 2022,07 July 2024,5005,Europe/Moscow,2024-02-28 08:13:00,8.343726,47.056323,Mowing,99
Haldenstrasse 11,6006,Luzern,Luzern,47.056300,8.343700,Honda,Miimo HRM 310,HON-M310-6632,Luzerino,3.0.9,19 May 2022,07 July 2024,5005,Europe/Moscow,2024-02-28 08:19:00,8.343759,47.056319,Mowing,97
Haldenstrasse 11,6006,Luzern,Luzern,47.056300,8.343700,Honda,Miimo HRM 310,HON-M310-6632,Luzerino,3.0.9,19 May 2022,07 July 2024,5005,Europe/Moscow,2024-02-28 08:29:00,8.343821,47.056308,Mowing,95
Haldenstrasse 11,6006,Luzern,Luzern,47.056300,8.343700,Honda,Miimo HRM 310,HON-M310-6632,Luzerino,3.0.9,19 May 2022,07 July 2024,5005,Europe/Moscow,2024-02-28 08:42:00,8.343770,47.056320,Mowing,92
Haldenstrasse 11,6006,Luzern,Luzern,47.056300,8.343700,Honda,Miimo HRM 310,HON-M310-6632,Luzerino,3.0.9,19 May 2022,07 July 2024,5005,Europe/Moscow,2024-02-28 08:56:00,8.343765,47.056314,Paused,92
Haldenstrasse 11,6006,Luzern,Luzern,47.056300,8.343700,Honda,Miimo HRM 310,HON-M310-6632,Luzerino,3.0.9,19 May 2022,07 July 2024,5005,Europe/Moscow,2024-02-28 09:08:00,8.343765,47.056314,Mowing,91
Haldenstrasse 11,6006,Luzern,Luzern,47.056300,8.343700,Honda,Miimo HRM 310,HON-M310-6632,Luzerino,3.0.9,19 May 2022,07 July 2024,5005,Europe/Moscow,2024-02-28 09:20:00,8.343749,47.056330,Mowing,90
Haldenstrasse 11,6006,Luzern,Luzern,47.056300,8.343700,Honda,Miimo HRM 310,HON-M310-6632,Luzerino,3.0.9,19 May 2022,07 July 2024,5005,Europe/Moscow,2024-02-28 09:33:00,8.343749,47.056330,Error,90
Haldenstrasse 11,6006,Luzern,Luzern,47.056300,8.343700,Honda,Miimo HRM 310,HON-M310-6632,Luzerino,3.0.9,19 May 2022,07 July 2024,5005,Europe/Moscow,2024-02-28 09:35:00,8.343749,47.056330,Paused,90
Haldenstrasse 11,6006,Luzern,Luzern,47.056300,8.343700,Honda,Miimo HRM 310,HON-M310-6632,Luzerino,3.0.9,19 May 2022,07 July 2024,5005,Europe/Moscow,2024-02-28 09:41:00,8.343730,47.056310,Mowing,89
Haldenstrasse 11,6006,Luzern,Luzern,47.056300,8.343700,Honda,Miimo HRM 310,HON-M310-6632,Luzerino,3.0.9,19 May 2022,07 July 2024,5005,Europe/Moscow,2024-02-28 09:51:00,8.343724,47.056315,Mowing,87
Haldenstrasse 11,6006,Luzern,Luzern,47.056300,8.343700,Honda,Miimo HRM 310,HON-M310-6632,Luzerino,3.0.9,19 May 2022,07 July 2024,5005,Europe/Moscow,2024-02-28 10:05:00,8.343752,47.056332,Mowing,84
Haldenstrasse 11,6006,Luzern,Luzern,47.056300,8.343700,Honda,Miimo HRM 310,HON-M310-6632,Luzerino,3.0.9,19 May 2022,07 July 2024,5005,Europe/Moscow,2024-02-28 10:19:00,8.343700,47.056300,ReturningToStation,82
Haldenstrasse 11,6006,Luzern,Luzern,47.056300,8.343700,Honda,Miimo HRM 310,HON-M310-6632,Luzerino,3.0.9,19 May 2022,07 July 2024,5005,Europe/Moscow,2024-02-28 10:48:00,8.343700,47.056300,StationCharging,82
Haldenstrasse 11,6006,Luzern,Luzern,47.056300,8.343700,Honda,Miimo HRM 310,HON-M310-6632,Luzerino,3.0.9,19 May 2022,07 July 2024,5005,Europe/Moscow,2024-02-28 11:18:00,8.343700,47.056300,StationChargingCompleted,100
Haldenstrasse 11,6006,Luzern,Luzern,47.056300,8.343700,Honda,Miimo HRM 310,HON-M310-6632,Luzerino,3.0.9,19 May 2022,07 July 2024,5005,Europe/Moscow,2024-03-13 08:08:00,8.343700,47.056300,StationChargingCompleted,100
Haldenstrasse 11,6006,Luzern,Luzern,47.056300,8.343700,Honda,Miimo HRM 310,HON-M310-6632,Luzerino,3.0.9,19 May 2022,07 July 2024,5005,Europe/Moscow,2024-03-13 08:19:00,8.343813,47.056319,Mowing,99
Haldenstrasse 11,6006,Luzern,Luzern,47.056300,8.343700,Honda,Miimo HRM 310,HON-M310-6632,Luzerino,3.0.9,19 May 2022,07 July 2024,5005,Europe/Moscow,2024-03-13 08:26:00,8.343781,47.056308,Mowing,97
Haldenstrasse 11,6006,Luzern,Luzern,47.056300,8.343700,Honda,Miimo HRM 310,HON-M310-6632,Luzerino,3.0.9,19 May 2022,07 July 2024,5005,Europe/Moscow,2024-03-13 08:34:00,8.343750,47.056317,Mowing,96
Haldenstrasse 11,6006,Luzern,Luzern,47.056300,8.343700,Honda,Miimo HRM 310,HON-M310-6632,Luzerino,3.0.9,19 May 2022,07 July 2024,5005,Europe/Moscow,2024-03-13 08:52:00,8.343813,47.056319,Mowing,93
Haldenstrasse 11,6006,Luzern,Luzern,47.056300,8.343700,Honda,Miimo HRM 310,HON-M310-6632,Luzerino,3.0.9,19 May 2022,07 July 2024,5005,Europe/Moscow,2024-03-13 08:58:00,8.343813,47.056319,Paused,93
Haldenstrasse 11,6006,Luzern,Luzern,47.056300,8.343700,Honda,Miimo HRM 310,HON-M310-6632,Luzerino,3.0.9,19 May 2022,07 July 2024,5005,Europe/Moscow,2024-03-13 09:02:00,8.343813,47.056319,Mowing,92
Haldenstrasse 11,6006,Luzern,Luzern,47.056300,8.343700,Honda,Miimo HRM 310,HON-M310-6632,Luzerino,3.0.9,19 May 2022,07 July 2024,5005,Europe/Moscow,2024-03-13 09:13:00,8.343752,47.056332,Mowing,90
Haldenstrasse 11,6006,Luzern,Luzern,47.056300,8.343700,Honda,Miimo HRM 310,HON-M310-6632,Luzerino,3.0.9,19 May 2022,07 July 2024,5005,Europe/Moscow,2024-03-13 09:21:00,8.343770,47.056320,Error,90
Haldenstrasse 11,6006,Luzern,Luzern,47.056300,8.343700,Honda,Miimo HRM 310,HON-M310-6632,Luzerino,3.0.9,19 May 2022,07 July 2024,5005,Europe/Moscow,2024-03-13 09:27:00,8.343770,47.056320,Paused,90
Haldenstrasse 11,6006,Luzern,Luzern,47.056300,8.343700,Honda,Miimo HRM 310,HON-M310-6632,Luzerino,3.0.9,19 May 2022,07 July 2024,5005,Europe/Moscow,2024-03-13 09:34:00,8.343766,47.056314,Mowing,89
Haldenstrasse 11,6006,Luzern,Luzern,47.056300,8.343700,Honda,Miimo HRM 310,HON-M310-6632,Luzerino,3.0.9,19 May 2022,07 July 2024,5005,Europe/Moscow,2024-03-13 09:46:00,8.343743,47.056347,Mowing,86
Haldenstrasse 11,6006,Luzern,Luzern,47.056300,8.343700,Honda,Miimo HRM 310,HON-M310-6632,Luzerino,3.0.9,19 May 2022,07 July 2024,5005,Europe/Moscow,2024-03-13 09:58:00,8.343743,47.056347,Mowing,84
Haldenstrasse 11,6006,Luzern,Luzern,47.056300,8.343700,Honda,Miimo HRM 310,HON-M310-6632,Luzerino,3.0.9,19 May 2022,07 July 2024,5005,Europe/Moscow,2024-03-13 10:22:00,8.343700,47.056300,ReturningToStation,81
Haldenstrasse 11,6006,Luzern,Luzern,47.056300,8.343700,Honda,Miimo HRM 310,HON-M310-6632,Luzerino,3.0.9,19 May 2022,07 July 2024,5005,Europe/Moscow,2024-03-13 10:46:00,8.343700,47.056300,StationCharging,81
Haldenstrasse 11,6006,Luzern,Luzern,47.056300,8.343700,Honda,Miimo HRM 310,HON-M310-6632,Luzerino,3.0.9,19 May 2022,07 July 2024,5005,Europe/Moscow,2024-03-13 11:08:00,8.343700,47.056300,StationChargingCompleted,100
Haldenstrasse 11,6006,Luzern,Luzern,47.056300,8.343700,Honda,Miimo HRM 310,HON-M310-6632,Luzerino,3.0.9,19 May 2022,07 July 2024,5005,Europe/Moscow,2024-03-27 08:19:00,8.343700,47.056300,StationChargingCompleted,100
Haldenstrasse 11,6006,Luzern,Luzern,47.056300,8.343700,Honda,Miimo HRM 310,HON-M310-6632,Luzerino,3.0.9,19 May 2022,07 July 2024,5005,Europe/Moscow,2024-03-27 08:30:00,8.343801,47.056328,Mowing,99
Haldenstrasse 11,6006,Luzern,Luzern,47.056300,8.343700,Honda,Miimo HRM 310,HON-M310-6632,Luzerino,3.0.9,19 May 2022,07 July 2024,5005,Europe/Moscow,2024-03-27 08:40:00,8.343795,47.056346,Mowing,97
Haldenstrasse 11,6006,Luzern,Luzern,47.056300,8.343700,Honda,Miimo HRM 310,HON-M310-6632,Luzerino,3.0.9,19 May 2022,07 July 2024,5005,Europe/Moscow,2024-03-27 08:51:00,8.343781,47.056308,Mowing,95
Haldenstrasse 11,6006,Luzern,Luzern,47.056300,8.343700,Honda,Miimo HRM 310,HON-M310-6632,Luzerino,3.0.9,19 May 2022,07 July 2024,5005,Europe/Moscow,2024-03-27 09:02:00,8.343801,47.056328,Mowing,92
Haldenstrasse 11,6006,Luzern,Luzern,47.056300,8.343700,Honda,Miimo HRM 310,HON-M310-6632,Luzerino,3.0.9,19 May 2022,07 July 2024,5005,Europe/Moscow,2024-03-27 09:14:00,8.343721,47.056326,Paused,92
Haldenstrasse 11,6006,Luzern,Luzern,47.056300,8.343700,Honda,Miimo HRM 310,HON-M310-6632,Luzerino,3.0.9,19 May 2022,07 July 2024,5005,Europe/Moscow,2024-03-27 09:22:00,8.343721,47.056326,Mowing,91
Haldenstrasse 11,6006,Luzern,Luzern,47.056300,8.343700,Honda,Miimo HRM 310,HON-M310-6632,Luzerino,3.0.9,19 May 2022,07 July 2024,5005,Europe/Moscow,2024-03-27 09:31:00,8.343788,47.056315,Mowing,89
Haldenstrasse 11,6006,Luzern,Luzern,47.056300,8.343700,Honda,Miimo HRM 310,HON-M310-6632,Luzerino,3.0.9,19 May 2022,07 July 2024,5005,Europe/Moscow,2024-03-27 09:40:00,8.343795,47.056346,Error,88
Haldenstrasse 11,6006,Luzern,Luzern,47.056300,8.343700,Honda,Miimo HRM 310,HON-M310-6632,Luzerino,3.0.9,19 May 2022,07 July 2024,5005,Europe/Moscow,2024-03-27 09:49:00,8.343795,47.056346,Paused,88
Haldenstrasse 11,6006,Luzern,Luzern,47.056300,8.343700,Honda,Miimo HRM 310,HON-M310-6632,Luzerino,3.0.9,19 May 2022,07 July 2024,5005,Europe/Moscow,2024-03-27 09:57:00,8.343781,47.056308,Mowing,86
Haldenstrasse 11,6006,Luzern,Luzern,47.056300,8.343700,Honda,Miimo HRM 310,HON-M310-6632,Luzerino,3.0.9,19 May 2022,07 July 2024,5005,Europe/Moscow,2024-03-27 10:07:00,8.343795,47.056346,Mowing,83
Haldenstrasse 11,6006,Luzern,Luzern,47.056300,8.343700,Honda,Miimo HRM 310,HON-M310-6632,Luzerino,3.0.9,19 May 2022,07 July 2024,5005,Europe/Moscow,2024-03-27 10:18:00,8.343700,47.056300,ReturningToStation,80
Haldenstrasse 11,6006,Luzern,Luzern,47.056300,8.343700,Honda,Miimo HRM 310,HON-M310-6632,Luzerino,3.0.9,19 May 2022,07 July 2024,5005,Europe/Moscow,2024-03-27 10:37:00,8.343700,47.056300,StationCharging,80
Haldenstrasse 11,6006,Luzern,Luzern,47.056300,8.343700,Honda,Miimo HRM 310,HON-M310-6632,Luzerino,3.0.9,19 May 2022,07 July 2024,5005,Europe/Moscow,2024-03-27 11:06:00,8.343700,47.056300,StationChargingCompleted,100
Alva Stradun 26,7500,St. Moritz,Grisons,46.496600,9.835500,Worx,Landroid M WR141E,WRX-141-3512,Pradè,4.4.2,Apr 12, 2021,26 June 2024,5006,Africa/Johannesburg,2024-02-18 09:00:00,9.835500,46.496600,StationChargingCompleted,100
Alva Stradun 26,7500,St. Moritz,Grisons,46.496600,9.835500,Worx,Landroid M WR141E,WRX-141-3512,Pradè,4.4.2,Apr 12, 2021,26 June 2024,5006,Africa/Johannesburg,2024-02-18 09:06:00,9.835615,46.496690,Mowing,99
Alva Stradun 26,7500,St. Moritz,Grisons,46.496600,9.835500,Worx,Landroid M WR141E,WRX-141-3512,Pradè,4.4.2,Apr 12, 2021,26 June 2024,5006,Africa/Johannesburg,2024-02-18 09:11:00,9.835635,46.496613,Mowing,97
Alva Stradun 26,7500,St. Moritz,Grisons,46.496600,9.835500,Worx,Landroid M WR141E,WRX-141-3512,Pradè,4.4.2,Apr 12, 2021,26 June 2024,5006,Africa/Johannesburg,2024-02-18 09:19:00,9.835588,46.496620,Mowing,94
Alva Stradun 26,7500,St. Moritz,Grisons,46.496600,9.835500,Worx,Landroid M WR141E,WRX-141-3512,Pradè,4.4.2,Apr 12, 2021,26 June 2024,5006,Africa/Johannesburg,2024-02-18 09:32:00,9.835665,46.496665,Mowing,91
Alva Stradun 26,7500,St. Moritz,Grisons,46.496600,9.835500,Worx,Landroid M WR141E,WRX-141-3512,Pradè,4.4.2,Apr 12, 2021,26 June 2024,5006,Africa/Johannesburg,2024-02-18 09:39:00,9.835521,46.496610,Paused,91
Alva Stradun 26,7500,St. Moritz,Grisons,46.496600,9.835500,Worx,Landroid M WR141E,WRX-141-3512,Pradè,4.4.2,Apr 12, 2021,26 June 2024,5006,Africa/Johannesburg,2024-02-18 09:45:00,9.835521,46.496610,Mowing,90
Alva Stradun 26,7500,St. Moritz,Grisons,46.496600,9.835500,Worx,Landroid M WR141E,WRX-141-3512,Pradè,4.4.2,Apr 12, 2021,26 June 2024,5006,Africa/Johannesburg,2024-02-18 09:53:00,9.835642,46.496620,Mowing,88
Alva Stradun 26,7500,St. Moritz,Grisons,46.496600,9.835500,Worx,Landroid M WR141E,WRX-141-3512,Pradè,4.4.2,Apr 12, 2021,26 June 2024,5006,Africa/Johannesburg,2024-02-18 10:00:00,9.835514,46.496654,Mowing,85
Alva Stradun 26,7500,St. Moritz,Grisons,46.496600,9.835500,Worx,Landroid M WR141E,WRX-141-3512,Pradè,4.4.2,Apr 12, 2021,26 June 2024,5006,Africa/Johannesburg,2024-02-18 10:06:00,9.835555,46.496657,Error,85
Alva Stradun 26,7500,St. Moritz,Grisons,46.496600,9.835500,Worx,Landroid M WR141E,WRX-141-3512,Pradè,4.4.2,Apr 12, 2021,26 June 2024,5006,Africa/Johannesburg,2024-02-18 10:10:00,9.835555,46.496657,Paused,85
Alva Stradun 26,7500,St. Moritz,Grisons,46.496600,9.835500,Worx,Landroid M WR141E,WRX-141-3512,Pradè,4.4.2,Apr 12, 2021,26 June 2024,5006,Africa/Johannesburg,2024-02-18 10:16:00,9.835600,46.496645,Mowing,84
Alva Stradun 26,7500,St. Moritz,Grisons,46.496600,9.835500,Worx,Landroid M WR141E,WRX-141-3512,Pradè,4.4.2,Apr 12, 2021,26 June 2024,5006,Africa/Johannesburg,2024-02-18 10:29:00,9.835589,46.496620,Mowing,82
Alva Stradun 26,7500,St. Moritz,Grisons,46.496600,9.835500,Worx,Landroid M WR141E,WRX-141-3512,Pradè,4.4.2,Apr 12, 2021,26 June 2024,5006,Africa/Johannesburg,2024-02-18 10:48:00,9.835500,46.496600,ReturningToStation,80
Alva Stradun 26,7500,St. Moritz,Grisons,46.496600,9.835500,Worx,Landroid M WR141E,WRX-141-3512,Pradè,4.4.2,Apr 12, 2021,26 June 2024,5006,Africa/Johannesburg,2024-02-18 11:13:00,9.835500,46.496600,StationCharging,80
Alva Stradun 26,7500,St. Moritz,Grisons,46.496600,9.835500,Worx,Landroid M WR141E,WRX-141-3512,Pradè,4.4.2,Apr 12, 2021,26 June 2024,5006,Africa/Johannesburg,2024-02-18 11:43:00,9.835500,46.496600,StationChargingCompleted,100
Alva Stradun 26,7500,St. Moritz,Grisons,46.496600,9.835500,Worx,Landroid M WR141E,WRX-141-3512,Pradè,4.4.2,Apr 12, 2021,26 June 2024,5006,Africa/Johannesburg,2024-03-04 08:10:00,9.835500,46.496600,StationChargingCompleted,100
Alva Stradun 26,7500,St. Moritz,Grisons,46.496600,9.835500,Worx,Landroid M WR141E,WRX-141-3512,Pradè,4.4.2,Apr 12, 2021,26 June 2024,5006,Africa/Johannesburg,2024-03-04 08:17:00,9.835629,46.496690,Mowing,99
Alva Stradun 26,7500,St. Moritz,Grisons,46.496600,9.835500,Worx,Landroid M WR141E,WRX-141-3512,Pradè,4.4.2,Apr 12, 2021,26 June 2024,5006,Africa/Johannesburg,2024-03-04 08:30:00,9.835615,46.496613,Mowing,96
Alva Stradun 26,7500,St. Moritz,Grisons,46.496600,9.835500,Worx,Landroid M WR141E,WRX-141-3512,Pradè,4.4.2,Apr 12, 2021,26 June 2024,5006,Africa/Johannesburg,2024-03-04 08:41:00,9.835621,46.496689,Mowing,94
Alva Stradun 26,7500,St. Moritz,Grisons,46.496600,9.835500,Worx,Landroid M WR141E,WRX-141-3512,Pradè,4.4.2,Apr 12, 2021,26 June 2024,5006,Africa/Johannesburg,2024-03-04 08:55:00,9.835583,46.496619,Paused,94
Alva Stradun 26,7500,St. Moritz,Grisons,46.496600,9.835500,Worx,Landroid M WR141E,WRX-141-3512,Pradè,4.4.2,Apr 12, 2021,26 June 2024,5006,Africa/Johannesburg,2024-03-04 09:03:00,9.835583,46.496619,Mowing,93
Alva Stradun 26,7500,St. Moritz,Grisons,46.496600,9.835500,Worx,Landroid M WR141E,WRX-141-3512,Pradè,4.4.2,Apr 12, 2021,26 June 2024,5006,Africa/Johannesburg,2024-03-04 09:13:00,9.835655,46.496669,Mowing,91
Alva Stradun 26,7500,St. Moritz,Grisons,46.496600,9.835500,Worx,Landroid M WR141E,WRX-141-3512,Pradè,4.4.2,Apr 12, 2021,26 June 2024,5006,Africa/Johannesburg,2024-03-04 09:24:00,9.835635,46.496613,Mowing,88
Alva Stradun 26,7500,St. Moritz,Grisons,46.496600,9.835500,Worx,Landroid M WR141E,WRX-141-3512,Pradè,4.4.2,Apr 12, 2021,26 June 2024,5006,Africa/Johannesburg,2024-03-04 09:36:00,9.835588,46.496620,Error,87
Alva Stradun 26,7500,St. Moritz,Grisons,46.496600,9.835500,Worx,Landroid M WR141E,WRX-141-3512,Pradè,4.4.2,Apr 12, 2021,26 June 2024,5006,Africa/Johannesburg,2024-03-04 09:48:00,9.835588,46.496620,Paused,87
Alva Stradun 26,7500,St. Moritz,Grisons,46.496600,9.835500,Worx,Landroid M WR141E,WRX-141-3512,Pradè,4.4.2,Apr 12, 2021,26 June 2024,5006,Africa/Johannesburg,2024-03-04 09:58:00,9.835665,46.496665,Mowing,86
Alva Stradun 26,7500,St. Moritz,Grisons,46.496600,9.835500,Worx,Landroid M WR141E,WRX-141-3512,Pradè,4.4.2,Apr 12, 2021,26 June 2024,5006,Africa/Johannesburg,2024-03-04 10:09:00,9.835521,46.496610,Mowing,83
Alva Stradun 26,7500,St. Moritz,Grisons,46.496600,9.835500,Worx,Landroid M WR141E,WRX-141-3512,Pradè,4.4.2,Apr 12, 2021,26 June 2024,5006,Africa/Johannesburg,2024-03-04 10:26:00,9.835500,46.496600,ReturningToStation,81
Alva Stradun 26,7500,St. Moritz,Grisons,46.496600,9.835500,Worx,Landroid M WR141E,WRX-141-3512,Pradè,4.4.2,Apr 12, 2021,26 June 2024,5006,Africa/Johannesburg,2024-03-04 10:41:00,9.835500,46.496600,StationCharging,81
Alva Stradun 26,7500,St. Moritz,Grisons,46.496600,9.835500,Worx,Landroid M WR141E,WRX-141-3512,Pradè,4.4.2,Apr 12, 2021,26 June 2024,5006,Africa/Johannesburg,2024-03-04 11:13:00,9.835500,46.496600,StationChargingCompleted,100
Alva Stradun 26,7500,St. Moritz,Grisons,46.496600,9.835500,Worx,Landroid M WR141E,WRX-141-3512,Pradè,4.4.2,Apr 12, 2021,26 June 2024,5006,Africa/Johannesburg,2024-03-20 08:51:00,9.835500,46.496600,StationChargingCompleted,100
Alva Stradun 26,7500,St. Moritz,Grisons,46.496600,9.835500,Worx,Landroid M WR141E,WRX-141-3512,Pradè,4.4.2,Apr 12, 2021,26 June 2024,5006,Africa/Johannesburg,2024-03-20 08:54:00,9.835629,46.496690,Mowing,99
Alva Stradun 26,7500,St. Moritz,Grisons,46.496600,9.835500,Worx,Landroid M WR141E,WRX-141-3512,Pradè,4.4.2,Apr 12, 2021,26 June 2024,5006,Africa/Johannesburg,2024-03-20 09:08:00,9.835615,46.496613,Mowing,97
Alva Stradun 26,7500,St. Moritz,Grisons,46.496600,9.835500,Worx,Landroid M WR141E,WRX-141-3512,Pradè,4.4.2,Apr 12, 2021,26 June 2024,5006,Africa/Johannesburg,2024-03-20 09:22:00,9.835621,46.496689,Mowing,95
Alva Stradun 26,7500,St. Moritz,Grisons,46.496600,9.835500,Worx,Landroid M WR141E,WRX-141-3512,Pradè,4.4.2,Apr 12, 2021,26 June 2024,5006,Africa/Johannesburg,2024-03-20 09:44:00,9.835583,46.496619,Paused,95
Alva Stradun 26,7500,St. Moritz,Grisons,46.496600,9.835500,Worx,Landroid M WR141E,WRX-141-3512,Pradè,4.4.2,Apr 12, 2021,26 June 2024,5006,Africa/Johannesburg,2024-03-20 09:51:00,9.835583,46.496619,Mowing,94
Alva Stradun 26,7500,St. Moritz,Grisons,46.496600,9.835500,Worx,Landroid M WR141E,WRX-141-3512,Pradè,4.4.2,Apr 12, 2021,26 June 2024,5006,Africa/Johannesburg,2024-03-20 09:59:00,9.835655,46.496669,Mowing,92
Alva Stradun 26,7500,St. Moritz,Grisons,46.496600,9.835500,Worx,Landroid M WR141E,WRX-141-3512,Pradè,4.4.2,Apr 12, 2021,26 June 2024,5006,Africa/Johannesburg,2024-03-20 10:08:00,9.835635,46.496613,Mowing,88
Alva Stradun 26,7500,St. Moritz,Grisons,46.496600,9.835500,Worx,Landroid M WR141E,WRX-141-3512,Pradè,4.4.2,Apr 12, 2021,26 June 2024,5006,Africa/Johannesburg,2024-03-20 10:21:00,9.835588,46.496620,Error,87
Alva Stradun 26,7500,St. Moritz,Grisons,46.496600,9.835500,Worx,Landroid M WR141E,WRX-141-3512,Pradè,4.4.2,Apr 12, 2021,26 June 2024,5006,Africa/Johannesburg,2024-03-20 10:24:00,9.835588,46.496620,Paused,87
Alva Stradun 26,7500,St. Moritz,Grisons,46.496600,9.835500,Worx,Landroid M WR141E,WRX-141-3512,Pradè,4.4.2,Apr 12, 2021,26 June 2024,5006,Africa/Johannesburg,2024-03-20 10:35:00,9.835665,46.496665,Mowing,85
Alva Stradun 26,7500,St. Moritz,Grisons,46.496600,9.835500,Worx,Landroid M WR141E,WRX-141-3512,Pradè,4.4.2,Apr 12, 2021,26 June 2024,5006,Africa/Johannesburg,2024-03-20 10:44:00,9.835521,46.496610,Mowing,83
Alva Stradun 26,7500,St. Moritz,Grisons,46.496600,9.835500,Worx,Landroid M WR141E,WRX-141-3512,Pradè,4.4.2,Apr 12, 2021,26 June 2024,5006,Africa/Johannesburg,2024-03-20 10:57:00,9.835500,46.496600,ReturningToStation,80
Alva Stradun 26,7500,St. Moritz,Grisons,46.496600,9.835500,Worx,Landroid M WR141E,WRX-141-3512,Pradè,4.4.2,Apr 12, 2021,26 June 2024,5006,Africa/Johannesburg,2024-03-20 11:17:00,9.835500,46.496600,StationCharging,80
Alva Stradun 26,7500,St. Moritz,Grisons,46.496600,9.835500,Worx,Landroid M WR141E,WRX-141-3512,Pradè,4.4.2,Apr 12, 2021,26 June 2024,5006,Africa/Johannesburg,2024-03-20 11:39:00,9.835500,46.496600,StationChargingCompleted,100
Alva Stradun 26,7500,St. Moritz,Grisons,46.496600,9.835500,Worx,Landroid M WR141E,WRX-141-3512,Pradè,4.4.2,Apr 12, 2021,26 June 2024,5006,Africa/Johannesburg,2024-04-07 09:12:00,9.835500,46.496600,StationChargingCompleted,100
Alva Stradun 26,7500,St. Moritz,Grisons,46.496600,9.835500,Worx,Landroid M WR141E,WRX-141-3512,Pradè,4.4.2,Apr 12, 2021,26 June 2024,5006,Africa/Johannesburg,2024-04-07 09:18:00,9.835615,46.496624,Mowing,99
Alva Stradun 26,7500,St. Moritz,Grisons,46.496600,9.835500,Worx,Landroid M WR141E,WRX-141-3512,Pradè,4.4.2,Apr 12, 2021,26 June 2024,5006,Africa/Johannesburg,2024-04-07 09:25:00,9.835635,46.496613,Mowing,97
Alva Stradun 26,7500,St. Moritz,Grisons,46.496600,9.835500,Worx,Landroid M WR141E,WRX-141-3512,Pradè,4.4.2,Apr 12, 2021,26 June 2024,5006,Africa/Johannesburg,2024-04-07 09:39:00,9.835588,46.496636,Mowing,95
Alva Stradun 26,7500,St. Moritz,Grisons,46.496600,9.835500,Worx,Landroid M WR141E,WRX-141-3512,Pradè,4.4.2,Apr 12, 2021,26 June 2024,5006,Africa/Johannesburg,2024-04-07 09:54:00,9.835665,46.496655,Mowing,93
Alva Stradun 26,7500,St. Moritz,Grisons,46.496600,9.835500,Worx,Landroid M WR141E,WRX-141-3512,Pradè,4.4.2,Apr 12, 2021,26 June 2024,5006,Africa/Johannesburg,2024-04-07 10:11:00,9.835521,46.496610,Paused,92
Alva Stradun 26,7500,St. Moritz,Grisons,46.496600,9.835500,Worx,Landroid M WR141E,WRX-141-3512,Pradè,4.4.2,Apr 12, 2021,26 June 2024,5006,Africa/Johannesburg,2024-04-07 10:18:00,9.835521,46.496610,Mowing,92
Alva Stradun 26,7500,St. Moritz,Grisons,46.496600,9.835500,Worx,Landroid M WR141E,WRX-141-3512,Pradè,4.4.2,Apr 12, 2021,26 June 2024,5006,Africa/Johannesburg,2024-04-07 10:25:00,9.835642,46.496620,Mowing,90
Alva Stradun 26,7500,St. Moritz,Grisons,46.496600,9.835500,Worx,Landroid M WR141E,WRX-141-3512,Pradè,4.4.2,Apr 12, 2021,26 June 2024,5006,Africa/Johannesburg,2024-04-07 10:32:00,9.835514,46.496654,Mowing,88
Alva Stradun 26,7500,St. Moritz,Grisons,46.496600,9.835500,Worx,Landroid M WR141E,WRX-141-3512,Pradè,4.4.2,Apr 12, 2021,26 June 2024,5006,Africa/Johannesburg,2024-04-07 10:39:00,9.835555,46.496657,Error,87
Alva Stradun 26,7500,St. Moritz,Grisons,46.496600,9.835500,Worx,Landroid M WR141E,WRX-141-3512,Pradè,4.4.2,Apr 12, 2021,26 June 2024,5006,Africa/Johannesburg,2024-04-07 10:49:00,9.835555,46.496657,Paused,87
Alva Stradun 26,7500,St. Moritz,Grisons,46.496600,9.835500,Worx,Landroid M WR141E,WRX-141-3512,Pradè,4.4.2,Apr 12, 2021,26 June 2024,5006,Africa/Johannesburg,2024-04-07 10:56:00,9.835600,46.496645,Mowing,86
Alva Stradun 26,7500,St. Moritz,Grisons,46.496600,9.835500,Worx,Landroid M WR141E,WRX-141-3512,Pradè,4.4.2,Apr 12, 2021,26 June 2024,5006,Africa/Johannesburg,2024-04-07 11:07:00,9.835589,46.496620,Mowing,84
Alva Stradun 26,7500,St. Moritz,Grisons,46.496600,9.835500,Worx,Landroid M WR141E,WRX-141-3512,Pradè,4.4.2,Apr 12, 2021,26 June 2024,5006,Africa/Johannesburg,2024-04-07 11:15:00,9.835500,46.496600,ReturningToStation,83
Alva Stradun 26,7500,St. Moritz,Grisons,46.496600,9.835500,Worx,Landroid M WR141E,WRX-141-3512,Pradè,4.4.2,Apr 12, 2021,26 June 2024,5006,Africa/Johannesburg,2024-04-07 11:29:00,9.835500,46.496600,StationCharging,83
Alva Stradun 26,7500,St. Moritz,Grisons,46.496600,9.835500,Worx,Landroid M WR141E,WRX-141-3512,Pradè,4.4.2,Apr 12, 2021,26 June 2024,5006,Africa/Johannesburg,2024-04-07 11:49:00,9.835500,46.496600,StationChargingCompleted,100
Rebenweg 12,4107,Ettingen,Basel-Landschaft,47.482700,7.547100,AL-KO,Robolinho 500 E,ALK-R500E-481,Rebi,2.3.6,30 Jan 2023,30 May 2024,5007,Europe/Zurich,2024-02-20 08:03:00,7.547100,47.482700,StationChargingCompleted,100
Rebenweg 12,4107,Ettingen,Basel-Landschaft,47.482700,7.547100,AL-KO,Robolinho 500 E,ALK-R500E-481,Rebi,2.3.6,30 Jan 2023,30 May 2024,5007,Europe/Zurich,2024-02-20 08:12:00,7.547120,47.482723,Mowing,99
Rebenweg 12,4107,Ettingen,Basel-Landschaft,47.482700,7.547100,AL-KO,Robolinho 500 E,ALK-R500E-481,Rebi,2.3.6,30 Jan 2023,30 May 2024,5007,Europe/Zurich,2024-02-20 08:22:00,7.547164,47.482705,Mowing,97
Rebenweg 12,4107,Ettingen,Basel-Landschaft,47.482700,7.547100,AL-KO,Robolinho 500 E,ALK-R500E-481,Rebi,2.3.6,30 Jan 2023,30 May 2024,5007,Europe/Zurich,2024-02-20 08:38:00,7.547199,47.482697,Mowing,95
Rebenweg 12,4107,Ettingen,Basel-Landschaft,47.482700,7.547100,AL-KO,Robolinho 500 E,ALK-R500E-481,Rebi,2.3.6,30 Jan 2023,30 May 2024,5007,Europe/Zurich,2024-02-20 08:54:00,7.547170,47.482700,Mowing,93
Rebenweg 12,4107,Ettingen,Basel-Landschaft,47.482700,7.547100,AL-KO,Robolinho 500 E,ALK-R500E-481,Rebi,2.3.6,30 Jan 2023,30 May 2024,5007,Europe/Zurich,2024-02-20 08:59:00,7.547121,47.482755,Paused,93
Rebenweg 12,4107,Ettingen,Basel-Landschaft,47.482700,7.547100,AL-KO,Robolinho 500 E,ALK-R500E-481,Rebi,2.3.6,30 Jan 2023,30 May 2024,5007,Europe/Zurich,2024-02-20 09:09:00,7.547121,47.482755,Mowing,92
Rebenweg 12,4107,Ettingen,Basel-Landschaft,47.482700,7.547100,AL-KO,Robolinho 500 E,ALK-R500E-481,Rebi,2.3.6,30 Jan 2023,30 May 2024,5007,Europe/Zurich,2024-02-20 09:15:00,7.547055,47.482728,Mowing,90
Rebenweg 12,4107,Ettingen,Basel-Landschaft,47.482700,7.547100,AL-KO,Robolinho 500 E,ALK-R500E-481,Rebi,2.3.6,30 Jan 2023,30 May 2024,5007,Europe/Zurich,2024-02-20 09:28:00,7.547187,47.482710,Error,88
Rebenweg 12,4107,Ettingen,Basel-Landschaft,47.482700,7.547100,AL-KO,Robolinho 500 E,ALK-R500E-481,Rebi,2.3.6,30 Jan 2023,30 May 2024,5007,Europe/Zurich,2024-02-20 09:33:00,7.547187,47.482710,Paused,88
Rebenweg 12,4107,Ettingen,Basel-Landschaft,47.482700,7.547100,AL-KO,Robolinho 500 E,ALK-R500E-481,Rebi,2.3.6,30 Jan 2023,30 May 2024,5007,Europe/Zurich,2024-02-20 09:46:00,7.547163,47.482765,Mowing,87
Rebenweg 12,4107,Ettingen,Basel-Landschaft,47.482700,7.547100,AL-KO,Robolinho 500 E,ALK-R500E-481,Rebi,2.3.6,30 Jan 2023,30 May 2024,5007,Europe/Zurich,2024-02-20 09:59:00,7.547189,47.482707,Mowing,86
Rebenweg 12,4107,Ettingen,Basel-Landschaft,47.482700,7.547100,AL-KO,Robolinho 500 E,ALK-R500E-481,Rebi,2.3.6,30 Jan 2023,30 May 2024,5007,Europe/Zurich,2024-02-20 10:19:00,7.547100,47.482700,ReturningToStation,83
Rebenweg 12,4107,Ettingen,Basel-Landschaft,47.482700,7.547100,AL-KO,Robolinho 500 E,ALK-R500E-481,Rebi,2.3.6,30 Jan 2023,30 May 2024,5007,Europe/Zurich,2024-02-20 10:51:00,7.547100,47.482700,StationCharging,83
Rebenweg 12,4107,Ettingen,Basel-Landschaft,47.482700,7.547100,AL-KO,Robolinho 500 E,ALK-R500E-481,Rebi,2.3.6,30 Jan 2023,30 May 2024,5007,Europe/Zurich,2024-02-20 11:16:00,7.547100,47.482700,StationChargingCompleted,100
Rebenweg 12,4107,Ettingen,Basel-Landschaft,47.482700,7.547100,AL-KO,Robolinho 500 E,ALK-R500E-481,Rebi,2.3.6,30 Jan 2023,30 May 2024,5007,Europe/Zurich,2024-03-05 08:04:00,7.547100,47.482700,StationChargingCompleted,100
Rebenweg 12,4107,Ettingen,Basel-Landschaft,47.482700,7.547100,AL-KO,Robolinho 500 E,ALK-R500E-481,Rebi,2.3.6,30 Jan 2023,30 May 2024,5007,Europe/Zurich,2024-03-05 08:14:00,7.547101,47.482723,Mowing,99
Rebenweg 12,4107,Ettingen,Basel-Landschaft,47.482700,7.547100,AL-KO,Robolinho 500 E,ALK-R500E-481,Rebi,2.3.6,30 Jan 2023,30 May 2024,5007,Europe/Zurich,2024-03-05 08:28:00,7.547138,47.482715,Mowing,97
Rebenweg 12,4107,Ettingen,Basel-Landschaft,47.482700,7.547100,AL-KO,Robolinho 500 E,ALK-R500E-481,Rebi,2.3.6,30 Jan 2023,30 May 2024,5007,Europe/Zurich,2024-03-05 08:37:00,7.547145,47.482714,Mowing,95
Rebenweg 12,4107,Ettingen,Basel-Landschaft,47.482700,7.547100,AL-KO,Robolinho 500 E,ALK-R500E-481,Rebi,2.3.6,30 Jan 2023,30 May 2024,5007,Europe/Zurich,2024-03-05 08:46:00,7.547127,47.482769,Mowing,93
Rebenweg 12,4107,Ettingen,Basel-Landschaft,47.482700,7.547100,AL-KO,Robolinho 500 E,ALK-R500E-481,Rebi,2.3.6,30 Jan 2023,30 May 2024,5007,Europe/Zurich,2024-03-05 08:59:00,7.547094,47.482721,Paused,93
Rebenweg 12,4107,Ettingen,Basel-Landschaft,47.482700,7.547100,AL-KO,Robolinho 500 E,ALK-R500E-481,Rebi,2.3.6,30 Jan 2023,30 May 2024,5007,Europe/Zurich,2024-03-05 09:09:00,7.547094,47.482721,Mowing,92
Rebenweg 12,4107,Ettingen,Basel-Landschaft,47.482700,7.547100,AL-KO,Robolinho 500 E,ALK-R500E-481,Rebi,2.3.6,30 Jan 2023,30 May 2024,5007,Europe/Zurich,2024-03-05 09:20:00,7.547159,47.482715,Mowing,90
Rebenweg 12,4107,Ettingen,Basel-Landschaft,47.482700,7.547100,AL-KO,Robolinho 500 E,ALK-R500E-481,Rebi,2.3.6,30 Jan 2023,30 May 2024,5007,Europe/Zurich,2024-03-05 09:29:00,7.547117,47.482735,Error,88
Rebenweg 12,4107,Ettingen,Basel-Landschaft,47.482700,7.547100,AL-KO,Robolinho 500 E,ALK-R500E-481,Rebi,2.3.6,30 Jan 2023,30 May 2024,5007,Europe/Zurich,2024-03-05 09:33:00,7.547117,47.482735,Paused,88
Rebenweg 12,4107,Ettingen,Basel-Landschaft,47.482700,7.547100,AL-KO,Robolinho 500 E,ALK-R500E-481,Rebi,2.3.6,30 Jan 2023,30 May 2024,5007,Europe/Zurich,2024-03-05 09:45:00,7.547111,47.482721,Mowing,87
Rebenweg 12,4107,Ettingen,Basel-Landschaft,47.482700,7.547100,AL-KO,Robolinho 500 E,ALK-R500E-481,Rebi,2.3.6,30 Jan 2023,30 May 2024,5007,Europe/Zurich,2024-03-05 09:59:00,7.547153,47.482719,Mowing,84
Rebenweg 12,4107,Ettingen,Basel-Landschaft,47.482700,7.547100,AL-KO,Robolinho 500 E,ALK-R500E-481,Rebi,2.3.6,30 Jan 2023,30 May 2024,5007,Europe/Zurich,2024-03-05 10:11:00,7.547100,47.482700,ReturningToStation,82
Rebenweg 12,4107,Ettingen,Basel-Landschaft,47.482700,7.547100,AL-KO,Robolinho 500 E,ALK-R500E-481,Rebi,2.3.6,30 Jan 2023,30 May 2024,5007,Europe/Zurich,2024-03-05 10:41:00,7.547100,47.482700,StationCharging,82
Rebenweg 12,4107,Ettingen,Basel-Landschaft,47.482700,7.547100,AL-KO,Robolinho 500 E,ALK-R500E-481,Rebi,2.3.6,30 Jan 2023,30 May 2024,5007,Europe/Zurich,2024-03-05 11:09:00,7.547100,47.482700,StationChargingCompleted,100
Rebenweg 12,4107,Ettingen,Basel-Landschaft,47.482700,7.547100,AL-KO,Robolinho 500 E,ALK-R500E-481,Rebi,2.3.6,30 Jan 2023,30 May 2024,5007,Europe/Zurich,2024-03-19 08:08:00,7.547100,47.482700,StationChargingCompleted,100
Rebenweg 12,4107,Ettingen,Basel-Landschaft,47.482700,7.547100,AL-KO,Robolinho 500 E,ALK-R500E-481,Rebi,2.3.6,30 Jan 2023,30 May 2024,5007,Europe/Zurich,2024-03-19 08:20:00,7.547154,47.482720,Mowing,99
Rebenweg 12,4107,Ettingen,Basel-Landschaft,47.482700,7.547100,AL-KO,Robolinho 500 E,ALK-R500E-481,Rebi,2.3.6,30 Jan 2023,30 May 2024,5007,Europe/Zurich,2024-03-19 08:36:00,7.547149,47.482717,Mowing,97
Rebenweg 12,4107,Ettingen,Basel-Landschaft,47.482700,7.547100,AL-KO,Robolinho 500 E,ALK-R500E-481,Rebi,2.3.6,30 Jan 2023,30 May 2024,5007,Europe/Zurich,2024-03-19 08:44:00,7.547159,47.482724,Mowing,96
Rebenweg 12,4107,Ettingen,Basel-Landschaft,47.482700,7.547100,AL-KO,Robolinho 500 E,ALK-R500E-481,Rebi,2.3.6,30 Jan 2023,30 May 2024,5007,Europe/Zurich,2024-03-19 08:58:00,7.547176,47.482729,Mowing,94
Rebenweg 12,4107,Ettingen,Basel-Landschaft,47.482700,7.547100,AL-KO,Robolinho 500 E,ALK-R500E-481,Rebi,2.3.6,30 Jan 2023,30 May 2024,5007,Europe/Zurich,2024-03-19 09:13:00,7.547129,47.482714,Paused,93
Rebenweg 12,4107,Ettingen,Basel-Landschaft,47.482700,7.547100,AL-KO,Robolinho 500 E,ALK-R500E-481,Rebi,2.3.6,30 Jan 2023,30 May 2024,5007,Europe/Zurich,2024-03-19 09:15:00,7.547129,47.482714,Mowing,93
Rebenweg 12,4107,Ettingen,Basel-Landschaft,47.482700,7.547100,AL-KO,Robolinho 500 E,ALK-R500E-481,Rebi,2.3.6,30 Jan 2023,30 May 2024,5007,Europe/Zurich,2024-03-19 09:21:00,7.547099,47.482765,Mowing,91
Rebenweg 12,4107,Ettingen,Basel-Landschaft,47.482700,7.547100,AL-KO,Robolinho 500 E,ALK-R500E-481,Rebi,2.3.6,30 Jan 2023,30 May 2024,5007,Europe/Zurich,2024-03-19 09:29:00,7.547109,47.482716,Error,90
Rebenweg 12,4107,Ettingen,Basel-Landschaft,47.482700,7.547100,AL-KO,Robolinho 500 E,ALK-R500E-481,Rebi,2.3.6,30 Jan 2023,30 May 2024,5007,Europe/Zurich,2024-03-19 09:35:00,7.547109,47.482716,Paused,90
Rebenweg 12,4107,Ettingen,Basel-Landschaft,47.482700,7.547100,AL-KO,Robolinho 500 E,ALK-R500E-481,Rebi,2.3.6,30 Jan 2023,30 May 2024,5007,Europe/Zurich,2024-03-19 09:47:00,7.547187,47.482710,Mowing,88
Rebenweg 12,4107,Ettingen,Basel-Landschaft,47.482700,7.547100,AL-KO,Robolinho 500 E,ALK-R500E-481,Rebi,2.3.6,30 Jan 2023,30 May 2024,5007,Europe/Zurich,2024-03-19 09:59:00,7.547171,47.482700,Mowing,86
Rebenweg 12,4107,Ettingen,Basel-Landschaft,47.482700,7.547100,AL-KO,Robolinho 500 E,ALK-R500E-481,Rebi,2.3.6,30 Jan 2023,30 May 2024,5007,Europe/Zurich,2024-03-19 10:15:00,7.547100,47.482700,ReturningToStation,84
Rebenweg 12,4107,Ettingen,Basel-Landschaft,47.482700,7.547100,AL-KO,Robolinho 500 E,ALK-R500E-481,Rebi,2.3.6,30 Jan 2023,30 May 2024,5007,Europe/Zurich,2024-03-19 10:37:00,7.547100,47.482700,StationCharging,84
Rebenweg 12,4107,Ettingen,Basel-Landschaft,47.482700,7.547100,AL-KO,Robolinho 500 E,ALK-R500E-481,Rebi,2.3.6,30 Jan 2023,30 May 2024,5007,Europe/Zurich,2024-03-19 11:06:00,7.547100,47.482700,StationChargingCompleted,100
Rue de l’Ecole 2,2502,Biel/Bienne,Bern,47.143000,7.251400,Viking,MI 422,VIK-MI422-211,Helix,2.7.1,2020-06-28,18 Jun 2024,5008,America/Sao_Paulo,2024-02-15 08:00:00,7.251400,47.143000,StationChargingCompleted,100
Rue de l’Ecole 2,2502,Biel/Bienne,Bern,47.143000,7.251400,Viking,MI 422,VIK-MI422-211,Helix,2.7.1,2020-06-28,18 Jun 2024,5008,America/Sao_Paulo,2024-02-15 08:11:00,7.251517,47.143120,Mowing,99
Rue de l’Ecole 2,2502,Biel/Bienne,Bern,47.143000,7.251400,Viking,MI 422,VIK-MI422-211,Helix,2.7.1,2020-06-28,18 Jun 2024,5008,America/Sao_Paulo,2024-02-15 08:24:00,7.251441,47.143015,Mowing,97
Rue de l’Ecole 2,2502,Biel/Bienne,Bern,47.143000,7.251400,Viking,MI 422,VIK-MI422-211,Helix,2.7.1,2020-06-28,18 Jun 2024,5008,America/Sao_Paulo,2024-02-15 08:35:00,7.251419,47.143036,Mowing,95
Rue de l’Ecole 2,2502,Biel/Bienne,Bern,47.143000,7.251400,Viking,MI 422,VIK-MI422-211,Helix,2.7.1,2020-06-28,18 Jun 2024,5008,America/Sao_Paulo,2024-02-15 08:45:00,7.251542,47.143020,Mowing,93
Rue de l’Ecole 2,2502,Biel/Bienne,Bern,47.143000,7.251400,Viking,MI 422,VIK-MI422-211,Helix,2.7.1,2020-06-28,18 Jun 2024,5008,America/Sao_Paulo,2024-02-15 08:54:00,7.251480,47.143070,Paused,93
Rue de l’Ecole 2,2502,Biel/Bienne,Bern,47.143000,7.251400,Viking,MI 422,VIK-MI422-211,Helix,2.7.1,2020-06-28,18 Jun 2024,5008,America/Sao_Paulo,2024-02-15 09:04:00,7.251480,47.143070,Mowing,92
Rue de l’Ecole 2,2502,Biel/Bienne,Bern,47.143000,7.251400,Viking,MI 422,VIK-MI422-211,Helix,2.7.1,2020-06-28,18 Jun 2024,5008,America/Sao_Paulo,2024-02-15 09:18:00,7.251543,47.143027,Mowing,90
Rue de l’Ecole 2,2502,Biel/Bienne,Bern,47.143000,7.251400,Viking,MI 422,VIK-MI422-211,Helix,2.7.1,2020-06-28,18 Jun 2024,5008,America/Sao_Paulo,2024-02-15 09:26:00,7.251499,47.143015,Error,88
Rue de l’Ecole 2,2502,Biel/Bienne,Bern,47.143000,7.251400,Viking,MI 422,VIK-MI422-211,Helix,2.7.1,2020-06-28,18 Jun 2024,5008,America/Sao_Paulo,2024-02-15 09:32:00,7.251499,47.143015,Paused,88
Rue de l’Ecole 2,2502,Biel/Bienne,Bern,47.143000,7.251400,Viking,MI 422,VIK-MI422-211,Helix,2.7.1,2020-06-28,18 Jun 2024,5008,America/Sao_Paulo,2024-02-15 09:41:00,7.251529,47.143024,Mowing,87
Rue de l’Ecole 2,2502,Biel/Bienne,Bern,47.143000,7.251400,Viking,MI 422,VIK-MI422-211,Helix,2.7.1,2020-06-28,18 Jun 2024,5008,America/Sao_Paulo,2024-02-15 09:55:00,7.251542,47.143020,Mowing,84
Rue de l’Ecole 2,2502,Biel/Bienne,Bern,47.143000,7.251400,Viking,MI 422,VIK-MI422-211,Helix,2.7.1,2020-06-28,18 Jun 2024,5008,America/Sao_Paulo,2024-02-15 10:08:00,7.251500,47.143000,ReturningToStation,81
Rue de l’Ecole 2,2502,Biel/Bienne,Bern,47.143000,7.251400,Viking,MI 422,VIK-MI422-211,Helix,2.7.1,2020-06-28,18 Jun 2024,5008,America/Sao_Paulo,2024-02-15 10:24:00,7.251500,47.143000,StationCharging,81
Rue de l’Ecole 2,2502,Biel/Bienne,Bern,47.143000,7.251400,Viking,MI 422,VIK-MI422-211,Helix,2.7.1,2020-06-28,18 Jun 2024,5008,America/Sao_Paulo,2024-02-15 10:38:00,7.251500,47.143000,StationChargingCompleted,100
Rue de l’Ecole 2,2502,Biel/Bienne,Bern,47.143000,7.251400,Viking,MI 422,VIK-MI422-211,Helix,2.7.1,2020-06-28,18 Jun 2024,5008,America/Sao_Paulo,2024-03-03 08:10:00,7.251500,47.143000,StationChargingCompleted,100
Rue de l’Ecole 2,2502,Biel/Bienne,Bern,47.143000,7.251400,Viking,MI 422,VIK-MI422-211,Helix,2.7.1,2020-06-28,18 Jun 2024,5008,America/Sao_Paulo,2024-03-03 08:16:00,7.251519,47.143111,Mowing,99
Rue de l’Ecole 2,2502,Biel/Bienne,Bern,47.143000,7.251400,Viking,MI 422,VIK-MI422-211,Helix,2.7.1,2020-06-28,18 Jun 2024,5008,America/Sao_Paulo,2024-03-03 08:26:00,7.251502,47.143010,Mowing,97
Rue de l’Ecole 2,2502,Biel/Bienne,Bern,47.143000,7.251400,Viking,MI 422,VIK-MI422-211,Helix,2.7.1,2020-06-28,18 Jun 2024,5008,America/Sao_Paulo,2024-03-03 08:37:00,7.251451,47.143026,Mowing,96
Rue de l’Ecole 2,2502,Biel/Bienne,Bern,47.143000,7.251400,Viking,MI 422,VIK-MI422-211,Helix,2.7.1,2020-06-28,18 Jun 2024,5008,America/Sao_Paulo,2024-03-03 08:54:00,7.251542,47.143020,Mowing,93
Rue de l’Ecole 2,2502,Biel/Bienne,Bern,47.143000,7.251400,Viking,MI 422,VIK-MI422-211,Helix,2.7.1,2020-06-28,18 Jun 2024,5008,America/Sao_Paulo,2024-03-03 09:08:00,7.251480,47.143070,Paused,93
Rue de l’Ecole 2,2502,Biel/Bienne,Bern,47.143000,7.251400,Viking,MI 422,VIK-MI422-211,Helix,2.7.1,2020-06-28,18 Jun 2024,5008,America/Sao_Paulo,2024-03-03 09:17:00,7.251480,47.143070,Mowing,92
Rue de l’Ecole 2,2502,Biel/Bienne,Bern,47.143000,7.251400,Viking,MI 422,VIK-MI422-211,Helix,2.7.1,2020-06-28,18 Jun 2024,5008,America/Sao_Paulo,2024-03-03 09:25:00,7.251534,47.143027,Mowing,90
Rue de l’Ecole 2,2502,Biel/Bienne,Bern,47.143000,7.251400,Viking,MI 422,VIK-MI422-211,Helix,2.7.1,2020-06-28,18 Jun 2024,5008,America/Sao_Paulo,2024-03-03 09:35:00,7.251499,47.143015,Error,89
Rue de l’Ecole 2,2502,Biel/Bienne,Bern,47.143000,7.251400,Viking,MI 422,VIK-MI422-211,Helix,2.7.1,2020-06-28,18 Jun 2024,5008,America/Sao_Paulo,2024-03-03 09:42:00,7.251499,47.143015,Paused,89
Rue de l’Ecole 2,2502,Biel/Bienne,Bern,47.143000,7.251400,Viking,MI 422,VIK-MI422-211,Helix,2.7.1,2020-06-28,18 Jun 2024,5008,America/Sao_Paulo,2024-03-03 09:51:00,7.251520,47.143014,Mowing,87
Rue de l’Ecole 2,2502,Biel/Bienne,Bern,47.143000,7.251400,Viking,MI 422,VIK-MI422-211,Helix,2.7.1,2020-06-28,18 Jun 2024,5008,America/Sao_Paulo,2024-03-03 10:01:00,7.251530,47.143027,Mowing,84
Rue de l’Ecole 2,2502,Biel/Bienne,Bern,47.143000,7.251400,Viking,MI 422,VIK-MI422-211,Helix,2.7.1,2020-06-28,18 Jun 2024,5008,America/Sao_Paulo,2024-03-03 10:19:00,7.251500,47.143000,ReturningToStation,82
Rue de l’Ecole 2,2502,Biel/Bienne,Bern,47.143000,7.251400,Viking,MI 422,VIK-MI422-211,Helix,2.7.1,2020-06-28,18 Jun 2024,5008,America/Sao_Paulo,2024-03-03 10:40:00,7.251500,47.143000,StationCharging,82
Rue de l’Ecole 2,2502,Biel/Bienne,Bern,47.143000,7.251400,Viking,MI 422,VIK-MI422-211,Helix,2.7.1,2020-06-28,18 Jun 2024,5008,America/Sao_Paulo,2024-03-03 11:02:00,7.251500,47.143000,StationChargingCompleted,100
Quai des Pêcheurs 5,1800,Vevey,Vaud,46.461600,6.845100,Ambrogio,L60 Elite S+,AMB-L60S-0945,Claude,5.1.8,21 July 2022,05 July 2024,5009,Europe/London,2024-03-02 07:33:00,6.845100,46.461600,StationChargingCompleted,100
Quai des Pêcheurs 5,1800,Vevey,Vaud,46.461600,6.845100,Ambrogio,L60 Elite S+,AMB-L60S-0945,Claude,5.1.8,21 July 2022,05 July 2024,5009,Europe/London,2024-03-02 07:42:00,6.845110,46.461613,Mowing,99
Quai des Pêcheurs 5,1800,Vevey,Vaud,46.461600,6.845100,Ambrogio,L60 Elite S+,AMB-L60S-0945,Claude,5.1.8,21 July 2022,05 July 2024,5009,Europe/London,2024-03-02 07:55:00,6.845137,46.461625,Mowing,98
Quai des Pêcheurs 5,1800,Vevey,Vaud,46.461600,6.845100,Ambrogio,L60 Elite S+,AMB-L60S-0945,Claude,5.1.8,21 July 2022,05 July 2024,5009,Europe/London,2024-03-02 08:08:00,6.845126,46.461619,Mowing,96
Quai des Pêcheurs 5,1800,Vevey,Vaud,46.461600,6.845100,Ambrogio,L60 Elite S+,AMB-L60S-0945,Claude,5.1.8,21 July 2022,05 July 2024,5009,Europe/London,2024-03-02 08:24:00,6.845170,46.461610,Mowing,93
Quai des Pêcheurs 5,1800,Vevey,Vaud,46.461600,6.845100,Ambrogio,L60 Elite S+,AMB-L60S-0945,Claude,5.1.8,21 July 2022,05 July 2024,5009,Europe/London,2024-03-02 08:37:00,6.845199,46.461697,Mowing,91
Quai des Pêcheurs 5,1800,Vevey,Vaud,46.461600,6.845100,Ambrogio,L60 Elite S+,AMB-L60S-0945,Claude,5.1.8,21 July 2022,05 July 2024,5009,Europe/London,2024-03-02 08:47:00,6.845199,46.461697,Paused,91
Quai des Pêcheurs 5,1800,Vevey,Vaud,46.461600,6.845100,Ambrogio,L60 Elite S+,AMB-L60S-0945,Claude,5.1.8,21 July 2022,05 July 2024,5009,Europe/London,2024-03-02 08:52:00,6.845199,46.461697,Mowing,91
Quai des Pêcheurs 5,1800,Vevey,Vaud,46.461600,6.845100,Ambrogio,L60 Elite S+,AMB-L60S-0945,Claude,5.1.8,21 July 2022,05 July 2024,5009,Europe/London,2024-03-02 08:59:00,6.845163,46.461665,Mowing,90
Quai des Pêcheurs 5,1800,Vevey,Vaud,46.461600,6.845100,Ambrogio,L60 Elite S+,AMB-L60S-0945,Claude,5.1.8,21 July 2022,05 July 2024,5009,Europe/London,2024-03-02 09:23:00,6.845087,46.461690,Error,88
Quai des Pêcheurs 5,1800,Vevey,Vaud,46.461600,6.845100,Ambrogio,L60 Elite S+,AMB-L60S-0945,Claude,5.1.8,21 July 2022,05 July 2024,5009,Europe/London,2024-03-02 09:33:00,6.845087,46.461690,Paused,88
Quai des Pêcheurs 5,1800,Vevey,Vaud,46.461600,6.845100,Ambrogio,L60 Elite S+,AMB-L60S-0945,Claude,5.1.8,21 July 2022,05 July 2024,5009,Europe/London,2024-03-02 09:45:00,6.845163,46.461665,Mowing,87
Quai des Pêcheurs 5,1800,Vevey,Vaud,46.461600,6.845100,Ambrogio,L60 Elite S+,AMB-L60S-0945,Claude,5.1.8,21 July 2022,05 July 2024,5009,Europe/London,2024-03-02 09:59:00,6.845189,46.461607,Mowing,86
Quai des Pêcheurs 5,1800,Vevey,Vaud,46.461600,6.845100,Ambrogio,L60 Elite S+,AMB-L60S-0945,Claude,5.1.8,21 July 2022,05 July 2024,5009,Europe/London,2024-03-02 10:17:00,6.845100,46.461600,ReturningToStation,83
Quai des Pêcheurs 5,1800,Vevey,Vaud,46.461600,6.845100,Ambrogio,L60 Elite S+,AMB-L60S-0945,Claude,5.1.8,21 July 2022,05 July 2024,5009,Europe/London,2024-03-02 10:44:00,6.845100,46.461600,StationCharging,83
Quai des Pêcheurs 5,1800,Vevey,Vaud,46.461600,6.845100,Ambrogio,L60 Elite S+,AMB-L60S-0945,Claude,5.1.8,21 July 2022,05 July 2024,5009,Europe/London,2024-03-02 11:09:00,6.845100,46.461600,StationChargingCompleted,100
Quai des Pêcheurs 5,1800,Vevey,Vaud,46.461600,6.845100,Ambrogio,L60 Elite S+,AMB-L60S-0945,Claude,5.1.8,21 July 2022,05 July 2024,5009,Europe/London,2024-03-16 07:48:00,6.845100,46.461600,StationChargingCompleted,100
Quai des Pêcheurs 5,1800,Vevey,Vaud,46.461600,6.845100,Ambrogio,L60 Elite S+,AMB-L60S-0945,Claude,5.1.8,21 July 2022,05 July 2024,5009,Europe/London,2024-03-16 07:59:00,6.845101,46.461613,Mowing,99
Quai des Pêcheurs 5,1800,Vevey,Vaud,46.461600,6.845100,Ambrogio,L60 Elite S+,AMB-L60S-0945,Claude,5.1.8,21 July 2022,05 July 2024,5009,Europe/London,2024-03-16 08:09:00,6.845154,46.461625,Mowing,97
Quai des Pêcheurs 5,1800,Vevey,Vaud,46.461600,6.845100,Ambrogio,L60 Elite S+,AMB-L60S-0945,Claude,5.1.8,21 July 2022,05 July 2024,5009,Europe/London,2024-03-16 08:25:00,6.845126,46.461619,Mowing,95
Quai des Pêcheurs 5,1800,Vevey,Vaud,46.461600,6.845100,Ambrogio,L60 Elite S+,AMB-L60S-0945,Claude,5.1.8,21 July 2022,05 July 2024,5009,Europe/London,2024-03-16 08:41:00,6.845170,46.461610,Mowing,93
Quai des Pêcheurs 5,1800,Vevey,Vaud,46.461600,6.845100,Ambrogio,L60 Elite S+,AMB-L60S-0945,Claude,5.1.8,21 July 2022,05 July 2024,5009,Europe/London,2024-03-16 08:51:00,6.845170,46.461610,Paused,93
Quai des Pêcheurs 5,1800,Vevey,Vaud,46.461600,6.845100,Ambrogio,L60 Elite S+,AMB-L60S-0945,Claude,5.1.8,21 July 2022,05 July 2024,5009,Europe/London,2024-03-16 09:00:00,6.845170,46.461610,Mowing,92
Quai des Pêcheurs 5,1800,Vevey,Vaud,46.461600,6.845100,Ambrogio,L60 Elite S+,AMB-L60S-0945,Claude,5.1.8,21 July 2022,05 July 2024,5009,Europe/London,2024-03-16 09:10:00,6.845179,46.461638,Mowing,90
Quai des Pêcheurs 5,1800,Vevey,Vaud,46.461600,6.845100,Ambrogio,L60 Elite S+,AMB-L60S-0945,Claude,5.1.8,21 July 2022,05 July 2024,5009,Europe/London,2024-03-16 09:17:00,6.845145,46.461689,Error,88
Quai des Pêcheurs 5,1800,Vevey,Vaud,46.461600,6.845100,Ambrogio,L60 Elite S+,AMB-L60S-0945,Claude,5.1.8,21 July 2022,05 July 2024,5009,Europe/London,2024-03-16 09:22:00,6.845145,46.461689,Paused,88
Quai des Pêcheurs 5,1800,Vevey,Vaud,46.461600,6.845100,Ambrogio,L60 Elite S+,AMB-L60S-0945,Claude,5.1.8,21 July 2022,05 July 2024,5009,Europe/London,2024-03-16 09:33:00,6.845121,46.461665,Mowing,87
Quai des Pêcheurs 5,1800,Vevey,Vaud,46.461600,6.845100,Ambrogio,L60 Elite S+,AMB-L60S-0945,Claude,5.1.8,21 July 2022,05 July 2024,5009,Europe/London,2024-03-16 09:45:00,6.845151,46.461589,Mowing,86
Quai des Pêcheurs 5,1800,Vevey,Vaud,46.461600,6.845100,Ambrogio,L60 Elite S+,AMB-L60S-0945,Claude,5.1.8,21 July 2022,05 July 2024,5009,Europe/London,2024-03-16 10:18:00,6.845100,46.461600,ReturningToStation,84
Quai des Pêcheurs 5,1800,Vevey,Vaud,46.461600,6.845100,Ambrogio,L60 Elite S+,AMB-L60S-0945,Claude,5.1.8,21 July 2022,05 July 2024,5009,Europe/London,2024-03-16 10:49:00,6.845100,46.461600,StationCharging,84
Quai des Pêcheurs 5,1800,Vevey,Vaud,46.461600,6.845100,Ambrogio,L60 Elite S+,AMB-L60S-0945,Claude,5.1.8,21 July 2022,05 July 2024,5009,Europe/London,2024-03-16 11:23:00,6.845100,46.461600,StationChargingCompleted,100